Time,A1,A2,A3,A4,A5,A6,A7,A8,A9,A10,A11,A12,B1,B2,B3,B4,B5,B6,B7,B8,B9,B10,B11,B12,C1,C2,C3,C4,C5,C6,C7,C8,C9,C10,C11,C12,D1,D2,D3,D4,D5,D6,D7,D8,D9,D10,D11,D12,E1,E2,E3,E4,E5,E6,E7,E8,E9,E10,E11,E12,F1,F2,F3,F4,F5,F6,F7,F8,F9,F10,F11,F12,G1,G2,G3,G4,G5,G6,G7,G8,G9,G10,G11,G12,H1,H2,H3,H4,H5,H6,H7,H8,H9,H10,H11,H12
0,0,0.0409,0.05,0.0511,0.0476,0.0457,0.0413,0.035,0.0401,0.0377,-0.0038,-0.005,-0.0016,0.0394,0.0395,0.0469,0.0417,0.0433,0.043,0.0365,0.0406,0.0369,-0.0012,-0.0029,-0.0018,0.0558,0.0431,0.035,0.0628,0.0361,0.0414,0.0438,0.0384,0.0366,-0.0024,0.0106,-0.0023,0.0443,0.0393,0.0624,0.0427,0.0496,0.0465,0.0433,0.0427,0.0448,0.0005,-0.0043,-0.0009,0.056,0.0555,0.0472,0.125,0.0571,0.0514,0.0508,0.0492,0.0526,0.001,0.0001,0.0004,0.058,0.0597,0.0643,0.0537,0.0876,0.0528,0.1344,0.046,0.0586,0.0025,-0.0015,0.0014,0.0549,0.0647,0.0584,0.0523,0.0363,0.0443,0.0714,0.0531,0.0698,-0.0004,-0.0008,0.0007,0.0738,0.0756,0.0657,0.0647,0.0801,0.0618,0.0723,0.084,0.1036,-0.0026,0.0642
15,0,0.0434,0.0531,0.0517,0.0526,0.0453,0.0396,0.0341,0.0467,0.0394,-0.0033,-0.0038,-0.0016,0.0476,0.0361,0.0483,0.0432,0.0399,0.0404,0.0377,0.0504,0.0394,-0.0019,-0.0035,-0.0024,0.0681,0.0491,0.0349,0.075,0.0482,0.0515,0.0422,0.0411,0.0418,-0.0023,-0.0051,-0.0028,0.0504,0.0455,0.073,0.0454,0.059,0.0544,0.0483,0.0458,0.0454,-0.0008,-0.0051,-0.0015,0.0605,0.0596,0.0577,0.1263,0.0605,0.057,0.0532,0.0464,0.0547,-0.0002,0,1.00E-04,0.0602,0.06,0.0675,0.0548,0.092,0.0532,0.1384,0.0481,0.0579,0.0007,-0.0022,0.0003,0.0536,0.062,0.06,0.0563,0.0373,0.0486,0.0726,0.0529,0.0707,-0.0013,-0.0015,0.0024,0.0749,0.0711,0.0677,0.0663,0.0809,0.0622,0.0734,0.0866,0.1058,-0.0034,0.0567
30,0,0.0468,0.0592,0.0539,0.0577,0.0506,0.0449,0.0396,0.06,0.043,-0.002,0.003,-0.0018,0.0594,0.0469,0.0505,0.0445,0.0478,0.0453,0.0417,0.0525,0.0465,-0.0022,-0.0011,-0.0023,0.0671,0.0525,0.0405,0.075,0.0521,0.0575,0.0429,0.0524,0.0429,-0.003,-0.0045,-0.0025,0.0531,0.0453,0.0804,0.0546,0.0641,0.0615,0.0546,0.0507,0.0488,-0.0007,-0.0047,-0.0014,0.0624,0.065,0.063,0.1408,0.0638,0.0652,0.059,0.0534,0.0596,0.0018,0,0.0004,0.0659,0.0664,0.0708,0.0623,0.1018,0.0554,0.1515,0.0511,0.0639,0.0005,-0.0012,0.0003,0.0608,0.0709,0.0658,0.062,0.0408,0.0542,0.0825,0.061,0.0786,-0.001,-0.0011,0.0436,0.0824,0.079,0.0743,0.0718,0.0908,0.0724,0.0808,0.0972,0.1165,-0.0028,0.0616
45,0,0.0514,0.0616,0.0566,0.0602,0.0593,0.0541,0.0441,0.0563,0.0534,-0.002,0.0102,-0.002,0.0635,0.048,0.0556,0.0474,0.0555,0.0551,0.0488,0.0605,0.0533,-0.0022,0.0011,-0.0024,0.0809,0.0565,0.0406,0.086,0.056,0.0611,0.0516,0.0499,0.0466,-0.0037,0.0142,-0.0027,0.0551,0.0532,0.0838,0.0545,0.0679,0.063,0.0552,0.0536,0.0568,-0.0009,-0.0044,-0.0014,0.0719,0.0697,0.0678,0.154,0.0692,0.0693,0.062,0.057,0.0622,0.0004,0.0003,0.0001,0.0707,0.0704,0.0779,0.0678,0.1091,0.0615,0.1617,0.056,0.0701,0.0006,-0.0012,0.0008,0.0663,0.0755,0.0715,0.0725,0.0429,0.0575,0.0898,0.0646,0.0783,-0.0006,-0.0009,0.0327,0.091,0.0849,0.0814,0.0818,0.0958,0.0772,0.0874,0.1045,0.1291,-0.003,0.0525
60,0,0.0579,0.0724,0.0614,0.0622,0.0611,0.0577,0.0608,0.0606,0.0608,-0.0027,0.0195,-0.0014,0.0552,0.0488,0.068,0.054,0.0565,0.0556,0.0545,0.0581,0.0575,-0.0021,0.0029,-0.002,0.09,0.0591,0.0447,0.0909,0.0553,0.0571,0.0623,0.0575,0.051,-0.0032,-0.0041,-0.0021,0.0632,0.0551,0.0858,0.0578,0.0752,0.0626,0.062,0.0573,0.0602,-0.0008,-0.0039,-0.001,0.0744,0.0718,0.0704,0.1647,0.0747,0.0715,0.0663,0.0606,0.0662,0.0008,0.0002,0.0003,0.0775,0.0726,0.0837,0.0742,0.1194,0.0625,0.1729,0.0585,0.0761,0.0004,-0.0007,0.0004,0.0674,0.0789,0.0781,0.0749,0.0471,0.0611,0.0939,0.0704,0.0891,-0.0007,-0.0007,0.0241,0.0932,0.0893,0.0868,0.0808,0.1019,0.0815,0.0932,0.11,0.1355,-0.0028,0.0556
75,0,0.0705,0.0796,0.069,0.0792,0.0702,0.0634,0.0642,0.0739,0.0617,0.0003,0.0327,-0.0015,0.0574,0.0551,0.0724,0.0622,0.0608,0.0625,0.0558,0.0639,0.057,-0.0012,0.0049,-0.002,0.0821,0.0616,0.05,0.1101,0.072,0.0802,0.0632,0.0555,0.0561,-0.0026,-0.0036,-0.0021,0.0718,0.0618,0.0923,0.0606,0.0799,0.0657,0.0659,0.0632,0.0669,-0.0007,-0.0038,-0.0009,0.0752,0.0814,0.0755,0.1794,0.0797,0.0792,0.0714,0.066,0.0727,0.0014,0.0008,0.0006,0.082,0.0811,0.0877,0.0777,0.1263,0.0688,0.1893,0.0649,0.0779,0.0005,0,0.0006,0.0762,0.0862,0.0824,0.0796,0.051,0.0657,0.1015,0.0778,0.0969,-0.0004,0.0022,0.0058,0.0981,0.0961,0.0936,0.0899,0.1071,0.0902,0.104,0.1199,0.1532,-0.0024,0.0588
90,0,0.0759,0.0803,0.076,0.087,0.0729,0.0682,0.0704,0.0687,0.0646,-0.0005,0.0426,-0.0009,0.064,0.0617,0.0807,0.0662,0.0673,0.0685,0.0575,0.0687,0.0596,-0.0017,0.0065,-0.0016,0.0936,0.0689,0.0546,0.1128,0.0781,0.0845,0.0758,0.061,0.0574,-0.0024,0.0123,-0.0018,0.0854,0.068,0.0991,0.0686,0.0834,0.0715,0.0756,0.0723,0.072,-0.0005,-0.0037,-0.0008,0.0836,0.0846,0.0799,0.19,0.0847,0.0843,0.0772,0.0715,0.0777,0.0017,0.0012,0.0008,0.0849,0.0856,0.0922,0.083,0.1362,0.0752,0.2029,0.0693,0.0843,0.0011,0.0004,0.0006,0.0791,0.0925,0.0891,0.0851,0.0538,0.0739,0.1084,0.0828,0.1039,-0.0002,-0.0006,0.0117,0.1045,0.1039,0.0987,0.0959,0.1168,0.0964,0.1093,0.1279,0.1633,-0.0022,0.0622
105,0,0.0804,0.0913,0.0871,0.0886,0.0835,0.0915,0.072,0.0752,0.065,-0.0022,0.0525,-0.0012,0.0761,0.0732,0.0869,0.079,0.078,0.0787,0.0639,0.0788,0.0677,-0.0015,0.0091,-0.0018,0.1062,0.0759,0.0591,0.1169,0.0866,0.074,0.0795,0.0649,0.0614,-0.0027,-0.0034,-0.0016,0.0862,0.073,0.1073,0.0739,0.0877,0.0736,0.0983,0.0855,0.0789,-0.0004,-0.0034,-0.0006,0.0903,0.0898,0.0834,0.205,0.0934,0.09,0.0858,0.0761,0.0849,0.0022,0.0018,0.0009,0.0916,0.092,0.1007,0.0899,0.145,0.0823,0.2167,0.075,0.0876,0.0008,0.001,0.0008,0.089,0.0978,0.0964,0.0901,0.0587,0.0773,0.1228,0.091,0.1134,-0.0005,-0.0003,0.027,0.1161,0.1158,0.1088,0.1051,0.1231,0.1047,0.1214,0.1458,0.1827,-0.0022,0.0599
120,0,0.085,0.0972,0.0992,0.0985,0.0953,0.0926,0.076,0.0714,0.082,-0.0018,0.0627,-0.0011,0.0842,0.0818,0.0961,0.0868,0.0879,0.0849,0.0773,0.086,0.0768,-0.0013,0.0115,-0.0018,0.1078,0.0799,0.0718,0.1276,0.0895,0.0758,0.0904,0.0729,0.0683,-0.0024,-0.0028,-0.0015,0.0943,0.0805,0.1124,0.0782,0.0953,0.079,0.0918,0.0858,0.09,-0.0002,-0.0033,-0.0006,0.0908,0.0959,0.0935,0.2264,0.1018,0.1013,0.0941,0.0815,0.0921,0.0029,0.0017,0.0008,0.0994,0.1002,0.1047,0.1009,0.158,0.0876,0.2351,0.0848,0.0965,0.001,0.0016,0.0006,0.0931,0.1057,0.1047,0.0969,0.0632,0.0837,0.1292,0.1037,0.1233,-0.0002,-0.0002,0.0274,0.1214,0.1231,0.1159,0.1125,0.1368,0.1135,0.129,0.1573,0.1992,-0.0023,0.0609
135,0,0.0938,0.1044,0.1013,0.1065,0.1088,0.0932,0.0811,0.0877,0.0886,0.0012,0.0672,-0.0014,0.0927,0.0858,0.1025,0.0879,0.0951,0.0965,0.0835,0.0923,0.0864,-0.0012,0.0121,-0.0022,0.1156,0.0841,0.0791,0.136,0.096,0.0838,0.0968,0.0838,0.0723,-0.003,0.0074,-0.0017,0.1093,0.0857,0.1241,0.0843,0.1002,0.0861,0.0988,0.0956,0.0973,-0.0006,-0.0036,-0.0009,0.107,0.1053,0.0983,0.2379,0.1127,0.1093,0.0996,0.0898,0.102,0.0023,0.0016,0.0007,0.1088,0.106,0.118,0.1053,0.1678,0.0949,0.2591,0.091,0.1077,0.0007,0.0014,0.0004,0.103,0.1167,0.1143,0.1031,0.0702,0.0927,0.1423,0.1143,0.1341,-0.0007,-0.0002,0.0184,0.1345,0.1339,0.1253,0.1243,0.1459,0.1255,0.1425,0.1732,0.2221,-0.0025,0.0529
150,0,0.1052,0.1168,0.1155,0.1164,0.1152,0.1001,0.0943,0.0942,0.0956,-0.0019,0.0737,-0.0013,0.0972,0.0949,0.1132,0.0983,0.0991,0.1039,0.0908,0.1019,0.0924,-0.0019,0.0142,-0.002,0.1233,0.0895,0.0819,0.1455,0.1033,0.0892,0.0982,0.0916,0.0847,-0.0032,-0.001,-0.0016,0.1107,0.0924,0.1313,0.0922,0.1098,0.0934,0.1012,0.0973,0.1059,-0.0006,-0.0036,-0.0009,0.1108,0.1121,0.1076,0.2522,0.1205,0.1204,0.1096,0.0987,0.1063,0.006,0.0015,0.0006,0.1169,0.1158,0.1234,0.1141,0.1882,0.1036,0.2771,0.101,0.1125,0.0005,0.0017,0.0004,0.1111,0.1264,0.1206,0.1133,0.0767,0.0984,0.155,0.1261,0.1466,-0.0007,-0.0004,0.0182,0.143,0.1441,0.1375,0.1354,0.157,0.1366,0.1516,0.1867,0.2471,-0.0026,0.0568
165,0,0.1139,0.1257,0.1297,0.1256,0.1171,0.114,0.0995,0.0987,0.0989,0.0006,0.0801,-0.0012,0.1044,0.101,0.1231,0.1036,0.1082,0.1148,0.1055,0.1144,0.1022,-0.0011,0.017,-0.0018,0.1303,0.0972,0.092,0.1577,0.1006,0.0933,0.1072,0.0968,0.095,-0.0023,-0.0018,-0.0013,0.1176,0.0986,0.1387,0.0996,0.1208,0.1025,0.1091,0.1014,0.114,-0.0003,-0.0032,0,0.123,0.1261,0.1158,0.2779,0.1332,0.1297,0.1208,0.1099,0.1179,0.0035,0.0025,0.001,0.1243,0.1248,0.1347,0.1261,0.2002,0.1149,0.307,0.1092,0.1245,0.001,0.0025,0.0002,0.1198,0.1371,0.1334,0.1205,0.0849,0.1066,0.1676,0.1398,0.1563,-0.0001,0.0001,0.0093,0.1561,0.1557,0.1457,0.1446,0.169,0.1438,0.1674,0.2046,0.2696,-0.002,0.0673
180,0,0.1196,0.1359,0.1327,0.1349,0.1305,0.1176,0.1056,0.1074,0.1074,0.0008,0.0812,-0.0005,0.1198,0.1078,0.1283,0.1151,0.1237,0.1187,0.1016,0.1108,0.1071,-0.0014,0.0177,-0.0015,0.1418,0.1027,0.1004,0.1673,0.108,0.0976,0.1158,0.108,0.0985,-0.0028,-0.0024,-0.0008,0.1263,0.1082,0.1504,0.1051,0.1292,0.111,0.117,0.1133,0.1207,-0.0003,-0.0032,-0.0006,0.1296,0.1297,0.1282,0.2984,0.1428,0.1492,0.1309,0.1142,0.1272,0.0035,0.0025,0.0007,0.1365,0.1354,0.1426,0.1365,0.2163,0.1254,0.3258,0.1219,0.1326,0.0007,0.0022,0.0002,0.1311,0.1462,0.1466,0.1317,0.0901,0.1151,0.1824,0.1573,0.1727,-0.0004,-0.0002,0.0123,0.1667,0.1663,0.1572,0.1575,0.1867,0.1575,0.1816,0.2233,0.3002,-0.0024,0.062
195,0,0.1311,0.1462,0.1464,0.1468,0.1464,0.13,0.118,0.1156,0.1169,-0.0023,0.082,-0.0009,0.1277,0.1187,0.1419,0.1203,0.1318,0.1265,0.1205,0.1246,0.1168,-0.0011,0.0187,-0.0016,0.1503,0.1113,0.1087,0.1841,0.1135,0.1063,0.1232,0.1073,0.1085,-0.0028,-0.0022,-0.0008,0.1377,0.1137,0.1642,0.1209,0.1418,0.1194,0.129,0.1228,0.13,-0.0002,-0.0033,-0.0007,0.1389,0.1443,0.1449,0.3192,0.1571,0.1518,0.1464,0.1256,0.141,0.0037,0.0029,0.0007,0.147,0.1478,0.1532,0.1443,0.2336,0.1364,0.35,0.1338,0.1476,0.0008,0.003,0.0002,0.1444,0.1626,0.1593,0.146,0.0981,0.1299,0.1987,0.1714,0.1891,-0.0004,-0.0001,0.0053,0.1851,0.1826,0.1736,0.1715,0.1994,0.1722,0.2058,0.2489,0.3295,-0.0021,0.061
210,0,0.1417,0.1557,0.1596,0.1588,0.1455,0.1348,0.1264,0.1244,0.1214,-0.001,0.0826,-0.0009,0.1337,0.122,0.1487,0.1291,0.1382,0.1297,0.1267,0.1305,0.1281,-0.0011,0.0196,-0.0015,0.1601,0.1191,0.1244,0.2009,0.1247,0.1188,0.1334,0.117,0.1191,-0.0026,-0.0019,-0.0003,0.149,0.1235,0.1751,0.1304,0.1522,0.1317,0.1347,0.1342,0.1383,1.00E-04,-0.003,-0.0005,0.1549,0.1623,0.1522,0.3419,0.1686,0.1718,0.1611,0.1342,0.1473,0.0038,0.0029,0.0007,0.1607,0.1544,0.1717,0.1627,0.246,0.1483,0.3708,0.1499,0.1568,0.001,0.003,0.0002,0.1589,0.1703,0.1733,0.1576,0.1072,0.1388,0.2173,0.1871,0.2055,-0.0005,0,0.0329,0.1986,0.195,0.1854,0.184,0.2234,0.1859,0.2128,0.2636,0.3475,-0.0023,0.0612
225,0,0.1553,0.1722,0.1663,0.1651,0.1608,0.1515,0.134,0.134,0.1333,-0.0012,0.0824,-0.0007,0.1515,0.1316,0.1626,0.138,0.1502,0.1487,0.14,0.1411,0.1365,-0.001,0.02,-0.0013,0.169,0.1309,0.1333,0.211,0.1347,0.1267,0.1377,0.1261,0.128,-0.0027,-0.0016,-0.0001,0.1601,0.1382,0.1987,0.1413,0.1671,0.1424,0.1463,0.1399,0.1449,0.0001,-0.003,-0.0004,0.1739,0.1712,0.1531,0.366,0.1779,0.1968,0.1759,0.151,0.1664,0.0041,0.0031,0.0011,0.1728,0.1734,0.1859,0.1705,0.2663,0.162,0.3995,0.1635,0.171,0.0007,0.0038,0.0004,0.1679,0.1872,0.1816,0.17,0.1166,0.1478,0.2266,0.2059,0.2274,-0.0003,0.0001,0.0058,0.2148,0.2125,0.2008,0.1996,0.2349,0.203,0.2243,0.2784,0.3779,-0.002,0.0608
240,0,0.1661,0.1818,0.1794,0.177,0.1752,0.1566,0.1419,0.1468,0.1467,-0.0018,0.0833,-0.0011,0.1545,0.1433,0.1781,0.1505,0.1584,0.1575,0.1498,0.1541,0.1427,-0.0007,0.021,-0.0016,0.1874,0.137,0.1429,0.2325,0.1468,0.1325,0.1499,0.135,0.136,-0.0023,-0.0016,0.0001,0.1722,0.1475,0.207,0.1519,0.1781,0.1585,0.16,0.1522,0.157,0.0003,-0.003,-0.0003,0.1826,0.1904,0.1779,0.3887,0.1955,0.2028,0.1865,0.1626,0.1794,0.0046,0.0034,0.001,0.1856,0.1865,0.2058,0.1851,0.2885,0.1774,0.4295,0.1788,0.1878,0.0011,0.0038,0.0004,0.1829,0.2034,0.2012,0.183,0.1282,0.1684,0.2498,0.2299,0.2454,-0.0001,0.0019,0.013,0.2301,0.2341,0.2189,0.221,0.2534,0.2239,0.2452,0.3037,0.4006,-0.002,0.0651
255,0,0.1783,0.194,0.1908,0.1856,0.1874,0.1647,0.1559,0.1562,0.159,-0.0014,0.0828,-0.0008,0.1686,0.1573,0.1875,0.1603,0.1714,0.1651,0.1581,0.1609,0.1462,-0.0009,0.0213,-0.0015,0.1967,0.1527,0.1561,0.2523,0.1545,0.1501,0.1604,0.1421,0.1468,-0.0026,-0.0014,0.0004,0.1894,0.1661,0.2246,0.1666,0.1958,0.1725,0.168,0.1641,0.1658,0.0004,-0.0028,-0.0002,0.1991,0.1912,0.1857,0.4154,0.2104,0.2236,0.2009,0.1771,0.1951,0.0049,0.0037,0.0009,0.2092,0.2086,0.211,0.2065,0.3054,0.1933,0.4575,0.1959,0.2043,0.0012,0.0043,0.0007,0.2039,0.2192,0.2193,0.1965,0.1429,0.1716,0.2665,0.2434,0.2599,-0.0001,0.0007,0.0021,0.2547,0.2453,0.2387,0.2375,0.2771,0.235,0.2669,0.328,0.4198,-0.0021,0.0634
270,0,0.1855,0.2055,0.2045,0.1973,0.201,0.1751,0.1688,0.1667,0.1698,0.0008,0.083,-0.0009,0.1824,0.1707,0.1984,0.1717,0.1825,0.1785,0.1727,0.1719,0.1653,-0.0009,0.0216,-0.0014,0.2171,0.1668,0.1623,0.271,0.1661,0.1643,0.1763,0.1552,0.159,-0.0027,-0.0015,0.0005,0.1977,0.178,0.2422,0.1813,0.2107,0.1874,0.1831,0.1769,0.178,0.0003,-0.0028,-0.0004,0.2163,0.2125,0.1984,0.4494,0.2317,0.2395,0.2302,0.1982,0.2108,0.0049,0.0039,0.0011,0.2227,0.223,0.2309,0.2162,0.3305,0.2104,0.4858,0.211,0.2208,0.0011,0.0043,0.0003,0.2237,0.2365,0.2331,0.2153,0.1515,0.1892,0.2907,0.2756,0.287,-0.0005,0.0003,0.0118,0.2745,0.2661,0.254,0.2543,0.3001,0.2589,0.287,0.3487,0.4495,-0.0023,0.0654
285,0,0.199,0.2162,0.2195,0.2194,0.2116,0.1915,0.1834,0.1807,0.1814,-0.0015,0.0823,-0.0009,0.1995,0.1862,0.2101,0.1897,0.2012,0.1927,0.1864,0.1899,0.1813,-0.0009,0.0218,-0.0016,0.2299,0.1801,0.1803,0.2857,0.1766,0.1789,0.1901,0.1745,0.1695,-0.0026,-0.0015,0.0006,0.2133,0.1952,0.2641,0.1958,0.2294,0.2086,0.2106,0.1953,0.1955,0.0003,-0.0029,-0.0004,0.2265,0.2252,0.2142,0.4713,0.2502,0.262,0.2353,0.2092,0.2275,0.0055,0.004,0.0006,0.2408,0.2371,0.2484,0.2442,0.353,0.2289,0.5194,0.2228,0.233,0.001,0.0048,0.0003,0.2393,0.2552,0.2529,0.2333,0.1662,0.2049,0.309,0.2913,0.3038,-0.0005,0.0004,0.008,0.2953,0.2896,0.2705,0.2791,0.3232,0.2763,0.3089,0.3725,0.4785,-0.0023,0.0653
300,0,0.2098,0.2289,0.2294,0.2289,0.2258,0.2051,0.1982,0.1992,0.2017,-0.0017,0.0838,-0.0008,0.2038,0.1953,0.2274,0.195,0.2085,0.2076,0.1968,0.2006,0.1917,-0.0009,0.0224,-0.0016,0.2474,0.1921,0.1893,0.3122,0.1897,0.1942,0.2062,0.1886,0.1812,-0.0025,-0.0011,0.0009,0.2257,0.2091,0.2832,0.2137,0.2418,0.2183,0.2148,0.21,0.2093,0.0004,-0.003,0,0.251,0.2442,0.2312,0.4993,0.2702,0.279,0.2552,0.2266,0.2451,0.007,0.0043,0.0007,0.2615,0.2505,0.2673,0.2573,0.377,0.2493,0.5538,0.2399,0.253,0.0011,0.005,0.0003,0.2619,0.276,0.2732,0.2467,0.1809,0.2204,0.3267,0.3131,0.3232,-0.0004,0.0001,0.0022,0.3147,0.3086,0.2917,0.3048,0.352,0.2993,0.3302,0.3987,0.5071,-0.0023,0.0728
315,0,0.2279,0.2474,0.2392,0.2458,0.2409,0.2187,0.2136,0.2181,0.212,0.0006,0.0822,-0.0012,0.211,0.2092,0.244,0.2071,0.2259,0.2172,0.2085,0.2146,0.2081,-0.0009,0.022,-0.0019,0.2707,0.2091,0.2095,0.3328,0.1979,0.2055,0.2226,0.1962,0.1935,-0.0026,-0.001,0.0009,0.2366,0.2295,0.3035,0.2293,0.2599,0.2341,0.2256,0.2232,0.2286,0.0006,-0.0029,-0.0004,0.2704,0.2618,0.2503,0.5294,0.284,0.3027,0.2764,0.2457,0.2636,0.0059,0.0047,0.0006,0.2742,0.2758,0.2848,0.2744,0.4003,0.2656,0.5749,0.2613,0.2809,0.0009,0.0051,0.0002,0.2822,0.2977,0.298,0.2718,0.1992,0.2372,0.3534,0.3343,0.3444,-0.0005,0.0001,0.0013,0.342,0.3331,0.3214,0.3275,0.3741,0.3252,0.3526,0.4258,0.534,-0.0025,0.0636
330,0,0.2466,0.2616,0.257,0.2652,0.2554,0.2327,0.2298,0.2309,0.2353,-0.0013,0.0826,-0.0008,0.2302,0.2228,0.2561,0.2246,0.2419,0.2384,0.2253,0.2373,0.223,-0.0009,0.0222,-0.0019,0.2835,0.2321,0.2199,0.3513,0.2166,0.2235,0.237,0.2151,0.2103,-0.0029,-0.0013,0.0014,0.2592,0.2515,0.3177,0.2581,0.2769,0.2484,0.2475,0.2447,0.2407,0.0004,-0.0029,-0.0007,0.2915,0.285,0.2742,0.5528,0.3132,0.3245,0.2977,0.2585,0.2842,0.006,0.0047,0.0005,0.3027,0.2948,0.3073,0.2984,0.425,0.2896,0.6063,0.2807,0.2938,0.0007,0.0053,0.0002,0.3121,0.3148,0.3149,0.294,0.2068,0.2547,0.3787,0.358,0.371,-0.0004,0,0.0033,0.3644,0.3588,0.344,0.3516,0.3951,0.3511,0.3827,0.455,0.5679,-0.0022,0.0659
345,0,0.2587,0.2776,0.2734,0.2804,0.2779,0.2493,0.2463,0.2478,0.2522,0.0027,0.0829,-0.001,0.2499,0.2402,0.2781,0.2447,0.2588,0.2583,0.2403,0.2678,0.2444,-0.0011,0.0223,-0.0019,0.3001,0.2433,0.237,0.3735,0.2318,0.2504,0.2604,0.2308,0.2234,-0.003,-0.0011,0.0014,0.2703,0.2586,0.3383,0.267,0.2973,0.2642,0.2731,0.2638,0.2627,0.0004,-0.0029,-0.0004,0.3065,0.3061,0.2882,0.5854,0.335,0.3458,0.3215,0.2785,0.2989,0.0063,0.0047,0.0005,0.3242,0.3143,0.3294,0.3246,0.4501,0.3104,0.6373,0.2969,0.3171,0.0007,0.0056,0.0001,0.3287,0.3454,0.3374,0.3112,0.2231,0.2757,0.4033,0.3812,0.3892,-0.0008,-0.0002,0.0008,0.3892,0.3799,0.3661,0.3712,0.4234,0.3737,0.4017,0.4807,0.5918,-0.0025,0.0677
360,0,0.2823,0.3001,0.2986,0.3029,0.2969,0.2739,0.266,0.2621,0.2716,-0.0012,0.083,-0.0009,0.2681,0.259,0.298,0.2655,0.2737,0.2765,0.2585,0.2654,0.2605,-0.0008,0.0227,-0.0019,0.3156,0.2568,0.2549,0.3959,0.2502,0.2583,0.2815,0.2515,0.2436,-0.0029,-0.0012,0.0019,0.294,0.2779,0.3615,0.2886,0.3177,0.2825,0.2849,0.2777,0.2823,0.0006,-0.0029,-0.0004,0.3383,0.3304,0.3101,0.6206,0.3627,0.375,0.3384,0.2986,0.3217,0.0072,0.0051,0.0006,0.3474,0.3383,0.3526,0.348,0.4718,0.3347,0.6644,0.3208,0.3364,0.001,0.0055,-0.0002,0.3575,0.3683,0.361,0.3393,0.2424,0.2952,0.4322,0.4055,0.4107,-0.0005,0.0001,0.048,0.4139,0.4054,0.3886,0.3954,0.4486,0.3989,0.4294,0.5167,0.6259,-0.0025,0.0704
375,0,0.2956,0.3177,0.3176,0.322,0.3138,0.289,0.2806,0.2861,0.2845,0.0012,0.0828,-0.0006,0.2838,0.2746,0.3172,0.2822,0.3006,0.2993,0.2869,0.2877,0.2823,-0.0009,0.023,-0.0018,0.3426,0.2776,0.2785,0.4267,0.2683,0.2783,0.297,0.2709,0.2587,-0.0028,0.0168,0.0028,0.3111,0.3024,0.3885,0.3104,0.3364,0.3052,0.3033,0.3064,0.296,0.0007,-0.0027,-0.0006,0.3598,0.3446,0.3316,0.647,0.3803,0.3956,0.3648,0.3214,0.348,0.0066,0.0054,0.0004,0.3769,0.3612,0.3699,0.368,0.5017,0.3625,0.6986,0.3488,0.3647,0.0008,0.0058,0.0001,0.371,0.3916,0.3863,0.3601,0.2614,0.3195,0.4551,0.4283,0.4467,-0.0005,0.0002,0.001,0.4409,0.4279,0.4134,0.4175,0.4828,0.4304,0.4574,0.547,0.6558,-0.0025,0.0697
390,0,0.3172,0.3386,0.3293,0.3416,0.336,0.3112,0.305,0.3051,0.3086,-0.0003,0.0832,-0.001,0.3034,0.2903,0.3381,0.2954,0.324,0.3224,0.3011,0.3108,0.304,-0.0011,0.0228,-0.002,0.359,0.2989,0.301,0.447,0.2862,0.2975,0.315,0.2906,0.2857,-0.0031,-0.0012,0.0027,0.3288,0.3199,0.4114,0.3319,0.3628,0.3287,0.3277,0.3296,0.3244,0.0004,-0.0031,-0.0006,0.3792,0.3763,0.3534,0.6675,0.4035,0.428,0.3895,0.3455,0.3691,0.0065,0.0051,0.0002,0.3934,0.3837,0.394,0.3901,0.5236,0.3831,0.7325,0.3661,0.3824,0.0005,0.0057,-0.0003,0.4038,0.4172,0.4195,0.3844,0.2794,0.3422,0.4818,0.4607,0.4696,-0.0009,0,0.0482,0.4658,0.4598,0.4441,0.4519,0.5054,0.4517,0.4896,0.5766,0.6886,-0.0025,0.0721
405,0,0.3371,0.3566,0.357,0.3652,0.3658,0.3353,0.3241,0.3265,0.3287,-0.0013,0.0831,-0.0009,0.3193,0.3135,0.3602,0.322,0.347,0.3418,0.3293,0.3349,0.3232,-0.0011,0.0229,-0.0018,0.3875,0.3206,0.3198,0.4738,0.3123,0.3197,0.3391,0.3073,0.3026,-0.003,-0.0012,0.0036,0.3544,0.3528,0.4381,0.3573,0.3877,0.3564,0.3496,0.3507,0.3464,0.0006,-0.0029,-0.0006,0.4121,0.4029,0.3783,0.6992,0.4346,0.4627,0.4116,0.3653,0.3933,0.007,0.0053,0.0004,0.4235,0.4106,0.4207,0.417,0.556,0.4083,0.7632,0.3888,0.4108,0.0008,0.0058,0.0001,0.4297,0.4442,0.4367,0.4183,0.2992,0.3681,0.5084,0.4868,0.4955,-0.0008,-0.0001,0.0539,0.4935,0.4876,0.4685,0.4774,0.5289,0.4787,0.5157,0.6033,0.7171,-0.0028,0.0722
420,0,0.3613,0.3832,0.3796,0.3884,0.3792,0.3548,0.3445,0.3477,0.3518,-0.0002,0.0831,-0.0008,0.3465,0.3376,0.3816,0.3409,0.3659,0.3655,0.35,0.3567,0.3454,-0.0013,0.0229,-0.0019,0.4088,0.3476,0.3399,0.5064,0.3315,0.3441,0.3599,0.3337,0.323,-0.003,-0.0009,0.0041,0.3829,0.3755,0.4646,0.3833,0.4118,0.381,0.3738,0.3753,0.366,0.0005,-0.0027,-0.0006,0.4467,0.4216,0.3998,0.7286,0.4583,0.4906,0.434,0.3936,0.4189,0.0068,0.0057,0.0004,0.4567,0.4393,0.4441,0.4483,0.5867,0.4348,0.7955,0.4159,0.4386,0.0007,0.0061,-0.0003,0.4586,0.4739,0.4703,0.4409,0.3226,0.3943,0.5369,0.5136,0.5259,-0.0009,-0.0001,0.0007,0.5228,0.519,0.5053,0.5056,0.5585,0.5118,0.5473,0.6384,0.7497,0.0081,0.0714
435,0,0.3876,0.4156,0.4024,0.4163,0.4098,0.3793,0.371,0.3738,0.3732,-0.0013,0.0823,-0.0007,0.371,0.3655,0.4131,0.3708,0.3929,0.3908,0.3756,0.3809,0.3741,-0.0011,0.0227,-0.002,0.4303,0.3695,0.3609,0.5318,0.3556,0.3682,0.3849,0.3578,0.3465,-0.0031,-0.0012,0.0048,0.4083,0.3935,0.4914,0.4039,0.4407,0.4074,0.3915,0.4013,0.3933,0.0006,-0.0029,-0.0007,0.4597,0.4514,0.4262,0.7555,0.4882,0.5192,0.4648,0.4186,0.4467,0.0064,0.0056,0.0004,0.4879,0.4708,0.4697,0.4753,0.6152,0.4615,0.829,0.4424,0.4646,0.0005,0.0061,-0.0006,0.4846,0.508,0.4926,0.4729,0.3427,0.4219,0.5627,0.5437,0.5541,-0.001,0,0.0007,0.5595,0.5549,0.532,0.5304,0.5861,0.54,0.5748,0.6668,0.7789,-0.0015,0.0674
450,0,0.4116,0.4367,0.4244,0.4375,0.4311,0.4066,0.3949,0.3934,0.3987,-0.0012,0.0824,-0.0007,0.3966,0.3903,0.4319,0.3912,0.4151,0.4167,0.3968,0.402,0.4001,-0.0009,0.0229,-0.002,0.4582,0.3921,0.384,0.5581,0.3778,0.3885,0.4088,0.3858,0.3713,-0.0032,-0.0011,0.0051,0.4363,0.4277,0.5169,0.4323,0.4647,0.434,0.423,0.428,0.4166,0.0007,-0.0029,-0.0008,0.4983,0.4824,0.4502,0.7871,0.5136,0.5501,0.4936,0.4483,0.4706,0.0069,0.0056,0.0003,0.515,0.4931,0.4989,0.5037,0.6429,0.4912,0.8583,0.4722,0.4904,0.0004,0.0058,-0.0005,0.5142,0.5266,0.5298,0.4998,0.3666,0.4526,0.5932,0.5772,0.5837,-0.001,-1.00E-04,0.0014,0.5823,0.5754,0.5588,0.5613,0.6185,0.5696,0.6038,0.6984,0.8098,-0.0029,0.0707
465,0,0.4367,0.4586,0.452,0.4666,0.4564,0.4243,0.4164,0.4186,0.4241,-0.0006,0.0829,-0.0005,0.4242,0.4176,0.4579,0.4232,0.4418,0.4403,0.4209,0.4276,0.4242,-0.001,0.0232,-0.0019,0.4751,0.4127,0.4081,0.5833,0.4012,0.4155,0.4337,0.4055,0.3907,-0.003,-0.0008,0.0055,0.4563,0.4444,0.541,0.4549,0.4889,0.461,0.4441,0.4503,0.4414,0.0007,-0.0027,-0.0005,0.5151,0.501,0.4758,0.8126,0.5409,0.5725,0.5176,0.4686,0.4931,0.0072,0.0058,0.0003,0.5329,0.5219,0.5232,0.5317,0.6708,0.5175,0.8886,0.4938,0.5149,0.0006,0.0066,-0.0006,0.5488,0.5601,0.5555,0.5223,0.3891,0.4726,0.6195,0.6018,0.6073,-0.0009,0,0.0007,0.611,0.6077,0.5867,0.5874,0.6452,0.6018,0.6294,0.7262,0.8376,-0.0026,0.0774
480,0,0.4583,0.4847,0.4768,0.4913,0.4784,0.4499,0.4372,0.4503,0.4496,-0.0009,0.0838,-0.0006,0.4484,0.4384,0.4862,0.439,0.4647,0.4666,0.4438,0.4526,0.448,-0.0009,0.0234,-0.0022,0.4982,0.4444,0.4295,0.6165,0.4229,0.4412,0.4615,0.4328,0.4166,-0.003,-0.0009,0.0055,0.4863,0.4776,0.5734,0.4869,0.5169,0.4936,0.4672,0.4748,0.4687,0.0007,-0.0028,-0.0006,0.5457,0.534,0.4996,0.8506,0.5671,0.6086,0.545,0.498,0.521,0.0072,0.0057,0.0002,0.5755,0.5474,0.5515,0.558,0.7052,0.5473,0.9213,0.5262,0.5411,0.0003,0.0061,-0.0008,0.571,0.588,0.5887,0.55,0.4116,0.5029,0.6535,0.6318,0.6399,-0.0011,-0.0001,0.04,0.6368,0.6301,0.6108,0.6146,0.6736,0.6297,0.6633,0.7585,0.867,-0.003,0.083
495,0,0.4811,0.5074,0.499,0.5161,0.5048,0.4771,0.4688,0.4682,0.4757,-0.0013,0.0843,-0.0005,0.4718,0.4638,0.5088,0.468,0.4912,0.4931,0.4723,0.4779,0.4727,-0.0009,0.0237,-0.0023,0.5193,0.4684,0.4525,0.6455,0.4486,0.4684,0.4843,0.459,0.4366,-0.003,-0.0007,0.0059,0.5144,0.5021,0.5984,0.5135,0.5439,0.5122,0.4962,0.4973,0.4956,0.0007,-0.0028,-0.0003,0.5741,0.5616,0.5281,0.8752,0.604,0.6313,0.5671,0.523,0.5513,0.0072,0.0067,0.0002,0.6064,0.579,0.581,0.5862,0.7329,0.5724,0.9554,0.5471,0.5679,0.0007,0.0063,-0.0008,0.5954,0.6154,0.6163,0.5792,0.443,0.5307,0.684,0.661,0.6639,-0.0013,0.0002,0.0005,0.6735,0.6637,0.6471,0.6455,0.6978,0.6565,0.6862,0.7891,0.8954,-0.0026,0.0902
510,0,0.5085,0.5323,0.5299,0.5457,0.5291,0.5011,0.4878,0.4994,0.4977,-0.0012,0.0813,-0.0006,0.4934,0.4872,0.5332,0.4972,0.5132,0.5183,0.4956,0.5029,0.5003,-0.0011,0.0225,-0.0026,0.5422,0.4921,0.4846,0.6734,0.4771,0.4945,0.5139,0.4804,0.462,-0.0035,-0.0009,0.006,0.5323,0.5308,0.6236,0.5413,0.565,0.5382,0.5152,0.527,0.5206,0.0005,-0.0027,-0.0004,0.6061,0.5859,0.5595,0.9046,0.6247,0.6635,0.6031,0.5503,0.5736,0.0068,0.0062,0,0.6243,0.6131,0.6087,0.6155,0.7616,0.6059,0.9819,0.5805,0.5982,1.00E-04,0.0061,-0.0008,0.6316,0.6505,0.6578,0.6066,0.4691,0.5551,0.7129,0.6957,0.6962,-0.0014,1.00E-04,1.00E-04,0.7011,0.6939,0.6761,0.6774,0.7315,0.6882,0.7183,0.8176,0.924,-0.003,0.0721
525,0,0.5311,0.5633,0.5502,0.5671,0.5533,0.5243,0.5184,0.5269,0.5215,0.0006,0.0835,-0.0007,0.5171,0.5073,0.5593,0.5209,0.5395,0.5384,0.5214,0.5423,0.5244,-0.0012,0.0234,-0.0026,0.5643,0.5122,0.5075,0.695,0.4995,0.5208,0.5351,0.5019,0.4877,-0.0032,-0.0008,0.0064,0.5578,0.5551,0.6538,0.5712,0.5976,0.5646,0.5409,0.5543,0.543,0.0007,-0.0027,-0.0006,0.6326,0.6129,0.5854,0.9307,0.6574,0.6897,0.6266,0.5793,0.6036,0.0075,0.0058,0,0.6599,0.6422,0.6374,0.6477,0.7935,0.6311,1.0132,0.6036,0.6287,0.0004,0.0062,-0.0012,0.6572,0.6816,0.6778,0.635,0.4937,0.5865,0.7462,0.7206,0.7246,-0.0014,-0.0003,0.0002,0.7316,0.7258,0.705,0.705,0.7536,0.7216,0.748,0.8475,0.9509,-0.0034,0.0883
540,0,0.5605,0.5863,0.5745,0.5931,0.5821,0.5457,0.5414,0.5483,0.5497,-0.0011,0.0832,-0.0005,0.5481,0.5353,0.5875,0.5441,0.5654,0.5668,0.546,0.548,0.5464,-0.0009,0.0233,-0.0023,0.5878,0.5418,0.5277,0.7211,0.52,0.5439,0.5607,0.5313,0.5149,-0.0031,-0.0008,0.0068,0.5866,0.5868,0.6817,0.6003,0.6219,0.5881,0.5671,0.5764,0.5672,0.0008,-0.0027,-0.0006,0.6618,0.6461,0.6156,0.9626,0.6841,0.7215,0.656,0.6086,0.6327,0.0079,0.006,1.00E-04,0.6867,0.6677,0.6698,0.6784,0.8239,0.6621,1.0422,0.635,0.6579,0.0005,0.0065,-0.001,0.6858,0.7089,0.7086,0.668,0.5206,0.6135,0.7789,0.7547,0.7576,-0.0013,0.0004,1.00E-04,0.7623,0.7518,0.7347,0.7364,0.7808,0.7475,0.7807,0.8783,0.9818,-0.0033,0.0878
555,0,0.5918,0.6204,0.5984,0.6216,0.6095,0.5754,0.5658,0.5712,0.5762,1.00E-04,0.0839,-0.0008,0.5683,0.5614,0.6132,0.5683,0.5894,0.5888,0.5752,0.5796,0.5737,-0.001,0.0234,-0.0025,0.6071,0.5592,0.5546,0.7432,0.5464,0.5647,0.5801,0.5566,0.5386,-0.003,0.0008,0.0066,0.6107,0.6068,0.7057,0.6205,0.646,0.6144,0.5907,0.6031,0.5958,0.0008,-0.0028,-0.0005,0.6891,0.6701,0.6375,0.9957,0.714,0.7488,0.6809,0.6357,0.6627,0.0074,0.0064,1.00E-04,0.7173,0.6959,0.6892,0.7077,0.8496,0.6932,1.0668,0.6612,0.6859,0.0004,0.0065,-0.0013,0.7175,0.7415,0.7398,0.6925,0.5466,0.6415,0.8077,0.7866,0.7869,-0.0014,-0.0003,0,0.7848,0.7807,0.7603,0.7676,0.8091,0.7781,0.8064,0.9048,1.0069,-0.0034,0.0898
570,0,0.6104,0.6385,0.6268,0.6463,0.6334,0.6005,0.5949,0.5961,0.6046,-0.0014,0.0824,-0.0008,0.5916,0.5858,0.637,0.5982,0.6145,0.6178,0.5945,0.6065,0.5994,-0.0011,0.0228,-0.0029,0.6328,0.5876,0.5801,0.7695,0.5727,0.5982,0.6128,0.5821,0.5662,-0.0034,-0.0011,0.0073,0.6377,0.6345,0.733,0.6535,0.6769,0.6456,0.6149,0.6338,0.6211,0.0007,-0.0031,-0.0008,0.7159,0.6993,0.6719,1.0191,0.7444,0.7823,0.7115,0.666,0.6889,0.0074,0.0061,-0.0004,0.7558,0.7286,0.725,0.7375,0.8813,0.7225,1.0946,0.694,0.719,0.0001,0.0063,-0.0016,0.7516,0.771,0.7721,0.7266,0.5738,0.6763,0.8349,0.8169,0.818,-0.0016,-0.0006,-0.0002,0.8191,0.808,0.7928,0.7978,0.8347,0.8089,0.8315,0.9345,1.0368,-0.0036,0.0813
585,0,0.6399,0.6645,0.6511,0.6733,0.6567,0.6288,0.618,0.6217,0.6303,-0.0007,0.0835,-0.0009,0.6225,0.6144,0.6587,0.6213,0.6386,0.6434,0.6235,0.639,0.6252,-0.0009,0.0234,-0.0031,0.6552,0.6093,0.6075,0.7926,0.6027,0.6214,0.6352,0.6118,0.5921,-0.0034,0.0079,0.0075,0.6628,0.6655,0.7604,0.6833,0.7014,0.6728,0.641,0.6567,0.654,0.0011,-0.003,-0.0009,0.746,0.7287,0.6968,1.0484,0.7725,0.8155,0.7417,0.6968,0.7197,0.0077,0.0064,-0.0003,0.7808,0.7529,0.7513,0.7678,0.9109,0.7553,1.1208,0.7243,0.7468,0,0.0064,-0.0015,0.7768,0.8002,0.8006,0.7564,0.5982,0.7045,0.868,0.8489,0.8487,-0.0016,-0.0006,0.005,0.8403,0.8363,0.8209,0.8255,0.8619,0.8335,0.8625,0.9661,1.0599,-0.0035,0.0922
600,0,0.6546,0.6877,0.6754,0.6903,0.6749,0.6477,0.6466,0.6507,0.6553,-0.0001,0.0825,-0.0009,0.6408,0.6401,0.6843,0.6461,0.6634,0.6649,0.6476,0.6584,0.6529,-0.0011,0.0227,-0.0032,0.68,0.6414,0.6369,0.8136,0.6228,0.6484,0.6634,0.635,0.6185,-0.0035,-0.0012,0.008,0.6861,0.6903,0.7867,0.7073,0.7278,0.6968,0.667,0.6858,0.6765,0.0008,-0.003,-0.0008,0.7696,0.7565,0.73,1.0708,0.8093,0.8444,0.7745,0.7285,0.7514,0.0075,0.0061,-0.0005,0.817,0.7833,0.7861,0.7957,0.9414,0.7821,1.1483,0.7585,0.779,-0.0001,0.0064,-0.0018,0.8091,0.8299,0.8304,0.7892,0.6327,0.7383,0.8964,0.8823,0.8811,-0.0018,-0.0008,0.0011,0.8752,0.862,0.8466,0.8516,0.8893,0.8635,0.8901,0.9919,1.0907,-0.0037,0.0838
615,0,0.6769,0.7089,0.7007,0.7171,0.7009,0.6763,0.6692,0.672,0.6773,0.003,0.0829,-0.001,0.665,0.662,0.7103,0.6678,0.6912,0.6918,0.6745,0.6848,0.6815,-0.0011,0.023,-0.0033,0.7018,0.6582,0.6632,0.8369,0.6526,0.6698,0.6819,0.6677,0.6457,-0.0036,-0.0013,0.0079,0.7123,0.7189,0.8109,0.7325,0.7526,0.7204,0.6879,0.7098,0.7025,0.0006,-0.003,-0.0011,0.8018,0.788,0.7566,1.0989,0.8341,0.872,0.8006,0.7535,0.7793,0.0073,0.0065,-0.0005,0.8416,0.8136,0.8126,0.8316,0.968,0.8124,1.1704,0.7872,0.8099,-0.0003,0.0063,0.0048,0.8351,0.8595,0.8569,0.8136,0.6562,0.7658,0.9243,0.9086,0.9103,-0.0016,-0.0008,0,0.9038,0.893,0.8749,0.883,0.9209,0.891,0.9157,1.0205,1.117,-0.004,0.0901
630,0,0.708,0.7351,0.7224,0.7364,0.7263,0.6947,0.6973,0.6961,0.7047,0.0002,0.0832,-0.0009,0.6912,0.6874,0.7334,0.6943,0.7141,0.7142,0.6956,0.7047,0.7011,-0.001,0.0231,-0.0032,0.7223,0.6854,0.6829,0.8545,0.6702,0.6957,0.709,0.6876,0.669,-0.0034,-0.001,0.0085,0.7363,0.7442,0.8375,0.7595,0.7781,0.7466,0.715,0.7335,0.7253,0.001,-0.0028,-0.0007,0.8302,0.8156,0.7881,1.1233,0.8681,0.906,0.8316,0.784,0.8094,0.0077,0.0068,-0.0004,0.8799,0.8459,0.8444,0.855,0.9958,0.8449,1.1877,0.8167,0.8379,0,0.0066,-0.0013,0.8645,0.8918,0.8894,0.8441,0.6835,0.7913,0.9529,0.9416,0.9377,-0.0019,-0.0007,0.0001,0.9327,0.921,0.9064,0.9078,0.9417,0.9167,0.9442,1.0445,1.1404,-0.0037,0.0907
645,0,0.7242,0.7551,0.7449,0.7564,0.7507,0.7192,0.7191,0.7184,0.7276,0.0004,0.0836,-0.0009,0.7106,0.7088,0.7551,0.7163,0.73,0.7384,0.7199,0.7356,0.7274,-0.001,0.0233,-0.0033,0.7399,0.7051,0.7129,0.8744,0.6954,0.7143,0.7331,0.7127,0.6967,-0.0037,-0.001,0.0085,0.7561,0.7668,0.8636,0.7845,0.8039,0.769,0.734,0.7542,0.746,0.0008,-0.003,-0.001,0.8615,0.8441,0.8207,1.1345,0.8984,0.9338,0.8592,0.8139,0.8344,0.0076,0.0068,-0.0006,0.9047,0.8747,0.872,0.885,1.0193,0.8744,1.1935,0.8475,0.8653,-0.0004,0.0064,-0.0019,0.8944,0.9203,0.9214,0.8754,0.7142,0.8228,0.9798,0.9687,0.9636,-0.002,-0.0009,-0.0002,0.9579,0.9473,0.9334,0.9357,0.9683,0.9459,0.9687,1.0707,1.1637,-0.0038,0.0968
660,0,0.7459,0.7776,0.766,0.7824,0.7689,0.7387,0.7477,0.7417,0.7509,-0.0008,0.0829,-0.0012,0.7311,0.7279,0.7765,0.7382,0.7567,0.7597,0.741,0.7486,0.7495,-0.0016,0.0227,-0.0036,0.7591,0.7266,0.7293,0.8938,0.7185,0.7373,0.7538,0.7317,0.7178,-0.0038,-0.0014,0.0083,0.7778,0.7933,0.8872,0.8076,0.8281,0.7926,0.757,0.7807,0.769,0.0008,-0.0031,-0.0006,0.8872,0.8745,0.8481,1.1402,0.9296,0.9648,0.8894,0.8423,0.8644,0.0075,0.0066,-0.0009,0.936,0.9016,0.9015,0.9118,1.0469,0.9009,1.1987,0.8778,0.8918,-0.0003,0.0065,-0.002,0.9211,0.9445,0.9471,0.9012,0.7417,0.8535,1.0052,0.9998,0.9933,-0.0022,-0.0011,0.0008,0.9887,0.9683,0.9529,0.9597,0.9902,0.9703,0.9962,1.0966,1.1862,-0.0041,0.0887
675,0,0.7618,0.7992,0.7869,0.8037,0.7916,0.763,0.7674,0.7683,0.7749,-0.0014,0.0833,-0.0009,0.752,0.7514,0.7991,0.7615,0.7819,0.7842,0.7645,0.7736,0.7715,-0.0012,0.0226,-0.0034,0.7805,0.7462,0.7577,0.9123,0.743,0.7641,0.7778,0.76,0.7426,-0.0037,-0.0011,0.0088,0.7947,0.8183,0.9099,0.8296,0.8508,0.817,0.7805,0.804,0.7964,0.0009,-0.003,-0.0004,0.9104,0.9016,0.882,1.147,0.9607,0.9971,0.9213,0.872,0.8948,0.0076,0.0067,-0.0006,0.9598,0.9261,0.9303,0.9418,1.0674,0.933,1.203,0.9066,0.9229,-0.0005,0.0066,-0.0019,0.9435,0.9714,0.9708,0.9331,0.774,0.882,1.0326,1.0284,1.0179,-0.0019,-0.0009,0.0019,1.0102,0.9975,0.9823,0.9893,1.0206,0.9981,1.0198,1.1163,1.195,-0.0043,0.0869
690,0,0.7968,0.8247,0.8067,0.8222,0.8152,0.7856,0.7879,0.7835,0.7948,-0.0011,0.0836,-0.0008,0.7799,0.7783,0.8225,0.7849,0.8008,0.8062,0.7878,0.7964,0.7937,-0.0013,0.0226,-0.0037,0.796,0.7593,0.7786,0.9224,0.7671,0.7747,0.7953,0.7829,0.7629,-0.0036,0.0135,0.0085,0.8248,0.8314,0.9225,0.8447,0.8677,0.8321,0.8031,0.822,0.8145,0.0009,-0.003,-0.0003,0.9494,0.9251,0.9058,1.1518,0.9848,1.0211,0.9416,0.8954,0.9202,0.0076,0.0066,-0.0009,0.9781,0.9521,0.9519,0.9691,1.0874,0.956,1.2026,0.932,0.9462,-0.0008,0.0063,-0.002,0.9707,0.9969,0.9973,0.9538,0.7955,0.905,1.0543,1.0529,1.0398,-0.0023,-0.0008,0.0059,1.0302,1.0184,1.0054,1.0095,1.0412,1.0171,1.0411,1.1375,1.1977,-0.0041,0.0937
705,0,0.8123,0.8431,0.8296,0.8476,0.8413,0.8054,0.8118,0.8076,0.8183,-0.0003,0.0835,-0.0013,0.799,0.8008,0.845,0.8072,0.8274,0.828,0.8116,0.8204,0.8191,-0.0013,0.0229,-0.0038,0.8162,0.7788,0.7997,0.9383,0.7869,0.7997,0.819,0.8043,0.7882,-0.0036,-0.0012,0.0084,0.8436,0.8535,0.9452,0.8703,0.8909,0.8576,0.8251,0.8456,0.8355,0.0007,-0.0031,-0.0003,0.968,0.9513,0.9323,1.1579,1.0148,1.0531,0.9745,0.925,0.9473,0.0077,0.0067,-0.0009,1.0109,0.9819,0.9796,1.0001,1.1044,0.9867,1.2079,0.9604,0.9739,-0.0008,0.0064,-0.0022,0.9918,1.0251,1.0215,0.9831,0.8236,0.9348,1.079,1.0814,1.0657,-0.0024,-0.0008,-0.0004,1.0566,1.0441,1.0323,1.0356,1.0665,1.0435,1.0661,1.1506,1.2,-0.0044,0.0947
720,0,0.8296,0.8588,0.8447,0.8628,0.8577,0.8261,0.8347,0.83,0.8374,0.0025,0.0844,-0.001,0.8138,0.8163,0.8611,0.8238,0.8427,0.8429,0.8326,0.8453,0.8419,-0.0011,0.0231,-0.0035,0.8304,0.7981,0.812,0.9525,0.8065,0.8237,0.839,0.8263,0.808,-0.0035,-0.0012,0.009,0.8585,0.8777,0.964,0.8909,0.9139,0.8802,0.8423,0.8621,0.8592,0.0011,-0.0031,-0.0004,0.9936,0.9775,0.9596,1.1584,1.0438,1.0799,0.998,0.9501,0.9726,0.0081,0.0067,-0.0009,1.0347,1.0026,1.0038,1.0191,1.1075,1.012,1.2104,0.9895,0.9971,-0.0007,0.0064,-0.0021,1.0171,1.0431,1.0492,1.0075,0.8494,0.959,1.0999,1.1056,1.0885,-0.0022,-0.0011,0.0003,1.0708,1.0606,1.0499,1.0552,1.068,1.0657,1.0785,1.1539,1.2037,-0.0043,0.0972
735,0,0.8471,0.8779,0.8656,0.8858,0.8793,0.8483,0.8566,0.8473,0.8574,0.0018,0.0836,-0.0012,0.8358,0.8402,0.879,0.8481,0.8668,0.8673,0.8521,0.8696,0.8587,-0.0014,0.0223,-0.0039,0.8467,0.8156,0.8426,0.9675,0.8296,0.8415,0.8598,0.8488,0.8317,-0.0036,0.0067,0.0092,0.8842,0.8976,0.9811,0.9118,0.9327,0.8963,0.8628,0.8821,0.8764,0.0008,-0.0032,-0.0002,1.0203,1.0005,0.9862,1.1634,1.0669,1.1033,1.0245,0.9747,0.9948,0.0078,0.0069,-0.0011,1.0603,1.0342,1.0262,1.0431,1.1113,1.0396,1.2094,1.014,1.0205,-0.0008,0.0062,-0.0024,1.0396,1.0688,1.0746,1.0306,0.8731,0.9831,1.1133,1.13,1.1088,-0.0023,-0.0012,0.0601,1.0821,1.069,1.0641,1.072,1.0739,1.0816,1.0792,1.1557,1.2038,-0.0046,0.0885
750,0,0.8632,0.8952,0.8821,0.903,0.8932,0.8677,0.8763,0.8678,0.8728,0.0087,0.0839,-0.0009,0.8535,0.8605,0.8964,0.8613,0.8831,0.8829,0.8698,0.8781,0.8774,-0.0015,0.0229,-0.0038,0.8649,0.8321,0.8572,0.9768,0.8461,0.858,0.8761,0.8671,0.8503,-0.0036,-0.0011,0.0094,0.8998,0.911,0.9972,0.9267,0.9516,0.9121,0.8816,0.901,0.8975,0.0009,-0.0031,-0.0003,1.0398,1.0219,1.0116,1.1658,1.0933,1.1279,1.048,0.9978,1.0195,0.0082,0.0071,-0.0011,1.0822,1.0547,1.0495,1.0658,1.1129,1.0596,1.2141,1.0403,1.0445,-0.0008,0.0063,-0.0023,1.062,1.0786,1.0878,1.0562,0.8999,1.0075,1.1192,1.1533,1.1216,-0.0026,-0.0012,-0.0004,1.082,1.0718,1.0694,1.0778,1.0757,1.0861,1.0839,1.1581,1.2069,-0.0045,0.0948
765,0,0.8834,0.9105,0.8996,0.9181,0.9125,0.8844,0.8985,0.8873,0.8921,0.0038,0.084,-0.0009,0.8742,0.8781,0.9139,0.8825,0.9,0.8994,0.8902,0.8985,0.8962,-0.0012,0.0229,-0.0039,0.8837,0.8493,0.8758,0.9908,0.8675,0.8727,0.896,0.8883,0.8711,-0.0036,0.0087,0.0096,0.9158,0.9351,1.0158,0.9478,0.9688,0.9283,0.8959,0.9166,0.9143,0.0013,-0.003,-0.0003,1.0605,1.0458,1.0355,1.1671,1.1153,1.1511,1.073,1.0229,1.0418,0.0084,0.0073,-0.0011,1.0863,1.072,1.0699,1.0823,1.1134,1.0836,1.2161,1.0646,1.0697,-0.0004,0.0064,-0.0023,1.0681,1.082,1.0926,1.0739,0.9208,1.03,1.1224,1.1795,1.1268,-0.0024,-0.0011,-0.0002,1.079,1.0702,1.0696,1.0803,1.0772,1.0875,1.0871,1.1605,1.2096,-0.0043,0.0933
780,0,0.8992,0.9263,0.9178,0.9323,0.9277,0.9032,0.9147,0.9059,0.91,0.0008,0.084,-0.0006,0.8881,0.894,0.9275,0.9012,0.9194,0.9174,0.9062,0.9124,0.9141,-0.0013,0.0224,-0.0037,0.8947,0.8684,0.895,1.0011,0.883,0.8928,0.9136,0.9059,0.8891,-0.0038,-0.0014,0.0099,0.9317,0.9499,1.031,0.9634,0.9857,0.9471,0.9156,0.9313,0.9326,0.0013,-0.0031,-0.0003,1.0686,1.0634,1.0601,1.1711,1.1379,1.1753,1.0974,1.047,1.0644,0.0082,0.0074,-0.0012,1.093,1.0747,1.081,1.0929,1.1167,1.1064,1.2184,1.087,1.0912,-0.0009,0.0065,-0.0025,1.0664,1.085,1.0959,1.0846,0.9472,1.0529,1.1247,1.1966,1.1302,-0.0026,-0.0013,-0.0002,1.0809,1.0742,1.0749,1.0822,1.0807,1.0897,1.0882,1.1594,1.2096,-0.0045,0.0916
795,0,0.9107,0.9395,0.9349,0.949,0.9458,0.9226,0.9323,0.9228,0.926,-0.0011,0.0839,-0.0011,0.8993,0.9088,0.9439,0.9155,0.9404,0.9355,0.9252,0.9299,0.9323,-0.0016,0.0223,-0.0042,0.9119,0.8823,0.9106,1.0151,0.9007,0.9075,0.9295,0.9237,0.9108,-0.0037,-0.0018,0.0098,0.9428,0.9649,1.0473,0.9825,1.0011,0.9615,0.9303,0.9474,0.9483,0.0011,-0.0033,-0.0004,1.0642,1.0656,1.0836,1.1708,1.1601,1.1914,1.1179,1.0661,1.0876,0.0083,0.0074,-0.0014,1.0945,1.0786,1.0842,1.0985,1.1187,1.1172,1.2214,1.1089,1.1104,-0.0011,0.0062,-0.0027,1.0633,1.0874,1.0971,1.0858,0.9689,1.0751,1.1276,1.2059,1.1315,-0.0029,-0.0015,-0.0006,1.084,1.0779,1.0759,1.0838,1.0839,1.0917,1.0888,1.1606,1.2108,-0.0045,0.0942
810,0,0.927,0.9572,0.9463,0.9616,0.961,0.9345,0.9504,0.9379,0.943,1.00E-04,0.0834,-0.0007,0.9205,0.9275,0.9601,0.9335,0.9526,0.9467,0.9391,0.9465,0.9465,-0.0022,0.0221,-0.004,0.9217,0.8959,0.9259,1.026,0.9125,0.9237,0.945,0.9364,0.9261,-0.0042,-0.0019,0.0097,0.959,0.9788,1.0594,0.9972,1.0168,0.9766,0.9423,0.9612,0.9621,0.0009,-0.0037,-0.0005,1.0594,1.066,1.0965,1.1734,1.1666,1.1964,1.1386,1.0867,1.1024,0.0081,0.0071,-0.0017,1.0949,1.0807,1.0876,1.0968,1.119,1.1214,1.2233,1.1301,1.1166,-0.0012,0.0059,-0.003,1.0654,1.0879,1.0992,1.0892,0.9898,1.0836,1.1296,1.2092,1.134,-0.0029,-0.0019,-0.0003,1.0831,1.0767,1.074,1.0814,1.0829,1.091,1.0885,1.1622,1.213,-0.005,0.0887
825,0,0.937,0.9673,0.962,0.9764,0.9761,0.95,0.9641,0.9524,0.9547,-0.0004,0.0839,-0.0012,0.9284,0.9381,0.9714,0.9477,0.9695,0.9642,0.9559,0.9596,0.9627,-0.0017,0.0223,-0.0041,0.9366,0.9102,0.9427,1.033,0.9322,0.9353,0.9581,0.9547,0.9443,-0.0042,-0.0017,0.01,0.9704,0.9933,1.0708,1.0112,1.0292,0.9911,0.9579,0.9767,0.9784,0.001,-0.0034,-0.0006,1.0645,1.0711,1.1005,1.1762,1.1687,1.1994,1.1482,1.0895,1.1052,0.0081,0.0073,-0.0016,1.1004,1.0838,1.0883,1.1029,1.1219,1.126,1.2252,1.1427,1.1219,-0.0012,0.0059,-0.0031,1.0652,1.0922,1.1015,1.0932,1.012,1.0851,1.1297,1.2123,1.1348,-0.003,-0.0016,-0.0009,1.0859,1.0812,1.0767,1.0846,1.0869,1.0949,1.0931,1.1631,1.2134,-0.0047,0.0895
840,0,0.9465,0.9756,0.9735,0.99,0.9887,0.9638,0.9778,0.9644,0.9699,-0.0011,0.0846,-0.0008,0.9373,0.9493,0.9819,0.9597,0.9838,0.9759,0.9727,0.9746,0.9758,-0.0016,0.0229,-0.0039,0.9439,0.9236,0.9527,1.0401,0.9455,0.9495,0.9703,0.9716,0.9572,-0.0038,-0.0015,0.0102,0.9785,1.0063,1.0815,1.0231,1.0423,1.0046,0.9715,0.989,0.9914,0.0013,-0.0033,-0.0006,1.0663,1.0728,1.1032,1.1788,1.1727,1.2016,1.1514,1.0932,1.109,0.0084,0.0074,-0.0016,1.0964,1.081,1.0901,1.104,1.1259,1.1287,1.227,1.1466,1.1223,-0.0012,0.0062,-0.0029,1.0652,1.0903,1.1011,1.094,1.0318,1.089,1.1309,1.2137,1.1373,-0.0027,-0.0019,-0.0015,1.0817,1.0786,1.0793,1.0862,1.0891,1.0944,1.0942,1.1668,1.214,-0.0048,0.0964
855,0,0.9645,0.9884,0.9868,1.0012,1.0011,0.9769,0.9911,0.9771,0.9796,-0.0005,0.0842,-0.001,0.9547,0.9645,0.993,0.9714,0.9922,0.9862,0.981,0.9837,0.9852,-0.0016,0.0228,-0.0039,0.9613,0.9348,0.9669,1.0512,0.9607,0.9595,0.9803,0.981,0.9666,-0.0039,-0.0013,0.0104,0.9939,1.0189,1.0888,1.033,1.0515,1.0126,0.9825,0.9979,0.9995,0.0014,-0.0032,-0.0004,1.0671,1.074,1.1041,1.1766,1.1704,1.1982,1.1502,1.0931,1.1094,0.0087,0.0074,-0.0015,1.098,1.0857,1.0887,1.1018,1.1234,1.1254,1.2234,1.1435,1.1201,-0.0011,0.0064,-0.003,1.0684,1.0916,1.1034,1.0921,1.0471,1.0876,1.1294,1.211,1.1363,-0.0028,-0.0017,-0.0023,1.0859,1.0799,1.0786,1.0847,1.0882,1.0953,1.0909,1.166,1.2124,-0.0048,0.0945
870,0,0.9782,1.0034,0.9981,1.0151,1.011,0.991,1.0062,0.9912,0.9949,0.0038,0.0843,-0.0008,0.9635,0.982,1.005,0.9854,1.0034,0.9994,0.9938,0.9994,0.9997,-0.0013,0.023,-0.0039,0.9698,0.9495,0.9779,1.0574,0.9734,0.9729,0.9927,0.9936,0.9857,-0.0037,-0.0013,0.0106,1.0069,1.0299,1.1021,1.0443,1.0625,1.029,0.9984,1.0105,1.0155,0.0015,-0.0028,-0.0004,1.0699,1.0719,1.1037,1.176,1.1704,1.1997,1.1505,1.0934,1.1077,0.0088,0.0078,0.0005,1.096,1.0824,1.0901,1.0982,1.1238,1.1251,1.2232,1.1461,1.1217,-0.0009,0.0065,-0.0028,1.0679,1.0916,1.1018,1.0918,1.0444,1.0886,1.1296,1.2102,1.1362,-0.0027,-0.0016,-0.0028,1.0825,1.0782,1.0756,1.0816,1.0861,1.0927,1.0924,1.1666,1.2141,-0.0047,0.0924
885,0,0.9901,1.0117,1.005,1.0219,1.0242,1.0034,1.0188,1.0033,1.007,0.0008,0.0843,-0.0012,0.9713,0.9907,1.0158,0.995,1.0145,1.0114,1.009,1.0108,1.0117,-0.0019,0.0227,-0.0045,0.9785,0.9604,0.9909,1.0674,0.986,0.9884,1.004,1.0077,0.9969,-0.004,-0.0018,0.0103,1.016,1.04,1.1094,1.055,1.0789,1.0368,1.007,1.0257,1.0283,0.0014,-0.003,-0.0006,1.0689,1.0709,1.1027,1.1799,1.1707,1.1991,1.1519,1.0945,1.1085,0.0291,0.0075,-0.0015,1.0989,1.0832,1.0922,1.1033,1.1274,1.1265,1.224,1.1462,1.1229,-0.0014,0.0064,-0.003,1.0667,1.0923,1.1019,1.0934,1.0426,1.0909,1.1335,1.2101,1.1361,-0.0029,-0.0016,-0.0048,1.0858,1.0815,1.0792,1.0879,1.0882,1.0959,1.094,1.1653,1.2134,-0.0048,0.0954
900,0,1.0002,1.0218,1.0164,1.0301,1.037,1.0149,1.0284,1.0146,1.0178,0.0003,0.0847,-0.0008,0.9845,1.0005,1.0269,1.0039,1.0238,1.0202,1.0187,1.0223,1.0231,-0.002,0.0225,-0.0044,0.9954,0.9732,1.004,1.0752,0.9966,0.9963,1.0158,1.0184,1.0095,-0.0045,-0.0016,0.0106,1.0253,1.053,1.1185,1.066,1.0873,1.0469,1.0189,1.0335,1.0386,0.0013,-0.0031,-0.0005,1.0687,1.071,1.1056,1.1775,1.1709,1.1971,1.1514,1.094,1.1082,0.0085,0.0074,-0.0016,1.1002,1.0834,1.0926,1.1034,1.1277,1.1241,1.2239,1.146,1.1234,-0.0011,0.0065,-0.0032,1.0679,1.0917,1.1043,1.0944,1.042,1.0901,1.1339,1.2099,1.1373,-0.0032,-0.0016,-0.006,1.0842,1.08,1.079,1.0848,1.089,1.096,1.0933,1.1659,1.2128,-0.0049,0.097
915,0,1.0089,1.0316,1.028,1.0446,1.0477,1.0267,1.0374,1.0241,1.0285,-0.0008,0.0855,-0.0014,0.9958,1.0107,1.0401,1.014,1.0367,1.0329,1.0286,1.0314,1.0325,-0.002,0.0224,-0.0046,1.0028,0.9848,1.0171,1.0873,1.0096,1.0072,1.0288,1.0305,1.0211,-0.0045,-0.0017,0.0104,1.035,1.0645,1.1309,1.0775,1.1013,1.0585,1.0281,1.0441,1.0508,0.0014,-0.0031,-0.0008,1.0694,1.0751,1.109,1.1816,1.1713,1.2,1.1528,1.0962,1.1085,0.0203,0.0077,-0.0018,1.0986,1.0845,1.0971,1.106,1.1295,1.1251,1.2253,1.1468,1.1242,-0.0013,0.0066,-0.0036,1.0672,1.0911,1.1065,1.0958,1.0448,1.096,1.1357,1.2106,1.1377,-0.0031,-0.0017,-0.0063,1.0838,1.0807,1.0811,1.0847,1.0876,1.0973,1.0943,1.1662,1.2118,-0.0049,0.0983
930,0,1.0223,1.0424,1.0416,1.0541,1.0598,1.0355,1.0482,1.0337,1.0376,-0.0004,0.0847,-0.0015,1.0065,1.0224,1.0499,1.0263,1.0467,1.0445,1.0407,1.0426,1.0437,-0.0022,0.0222,-0.0046,1.0169,0.9957,1.0264,1.0896,1.0198,1.0174,1.0379,1.0433,1.0315,-0.0046,-0.0018,0.0102,1.0453,1.0756,1.1371,1.0875,1.107,1.0686,1.0401,1.0537,1.0605,0.0012,-0.0032,-0.0009,1.0701,1.0744,1.1064,1.1801,1.1738,1.2005,1.1527,1.0946,1.1084,0.0082,0.0078,-0.0018,1.0984,1.0855,1.1005,1.1108,1.1291,1.1295,1.2266,1.1472,1.1252,-0.0014,0.0063,-0.0036,1.0669,1.0956,1.1055,1.0957,1.0466,1.0966,1.1376,1.2119,1.1375,-0.0035,-0.0018,-0.0064,1.0866,1.0823,1.0792,1.0848,1.0891,1.0969,1.0946,1.1675,1.2111,-0.0053,0.0929
945,0,1.0287,1.0545,1.0517,1.0639,1.0674,1.0474,1.0572,1.0468,1.0461,-0.0007,0.0855,-0.0014,1.0144,1.0314,1.0588,1.0387,1.0567,1.056,1.0536,1.0544,1.0549,-0.0025,0.0226,-0.0046,1.023,1.0041,1.0393,1.091,1.0307,1.0295,1.0498,1.0526,1.0441,-0.0049,0.0178,0.0101,1.0499,1.0833,1.1439,1.0981,1.1175,1.0783,1.0495,1.0624,1.0687,0.0013,-0.0032,-0.0009,1.0714,1.0745,1.109,1.1825,1.1765,1.1997,1.1531,1.0951,1.1112,0.0084,0.0076,-0.002,1.1004,1.0872,1.1039,1.1112,1.1307,1.1275,1.2273,1.1471,1.1249,-0.0017,0.0063,-0.0039,1.0677,1.0967,1.1063,1.0968,1.0468,1.1,1.1424,1.2126,1.138,-0.0034,-0.0019,-0.0066,1.0848,1.0826,1.0815,1.087,1.0888,1.0979,1.0957,1.1694,1.2118,-0.0053,0.0996
960,0,1.0355,1.0597,1.057,1.0722,1.0754,1.0534,1.0666,1.0549,1.0551,-0.0006,0.0856,-0.0015,1.0231,1.0388,1.065,1.0493,1.0656,1.0648,1.0586,1.0603,1.0632,-0.0025,0.0224,-0.0048,1.032,1.0126,1.0489,1.0903,1.0363,1.0372,1.0584,1.0631,1.0543,-0.0048,-0.002,0.0104,1.0625,1.0923,1.143,1.1039,1.1252,1.0844,1.0581,1.0701,1.0776,0.0012,-0.0031,-0.0011,1.0716,1.0746,1.1094,1.1838,1.1743,1.1992,1.1518,1.0977,1.1111,0.0082,0.0076,-0.0021,1.1012,1.0864,1.1046,1.1134,1.1315,1.1294,1.2266,1.1482,1.1279,-0.0017,0.0064,-0.0039,1.0708,1.0965,1.1067,1.0986,1.046,1.101,1.1427,1.2125,1.1384,-0.0036,-0.002,-0.0066,1.0863,1.0829,1.0809,1.0889,1.0929,1.0991,1.0966,1.1692,1.2129,-0.0055,0.0974
975,0,1.0456,1.0725,1.0694,1.0802,1.085,1.0613,1.0737,1.0629,1.0624,-0.001,0.0871,-0.0013,1.035,1.0477,1.072,1.057,1.0741,1.0716,1.069,1.068,1.0693,-0.0023,0.0228,-0.0049,1.0389,1.0175,1.0568,1.0889,1.0448,1.044,1.0655,1.069,1.0598,-0.0047,-0.002,0.0104,1.0728,1.0972,1.1447,1.1122,1.1325,1.0921,1.0674,1.0767,1.0839,0.0012,-0.0033,-0.0009,1.0754,1.0754,1.1105,1.1847,1.1766,1.1998,1.1526,1.0952,1.1122,0.0086,0.0077,-0.002,1.1023,1.0887,1.1076,1.1164,1.1322,1.1304,1.2269,1.1467,1.1261,-0.0018,0.0066,-0.0041,1.0711,1.0961,1.1085,1.098,1.0484,1.1042,1.145,1.2107,1.1386,-0.0037,-0.002,-0.0067,1.0867,1.0827,1.0836,1.087,1.0913,1.0966,1.0966,1.1702,1.2113,-0.0052,0.1068
990,0,1.0501,1.0775,1.0777,1.0872,1.0911,1.0687,1.081,1.0682,1.0686,-0.0002,0.085,-0.0013,1.0386,1.0536,1.0788,1.0631,1.0798,1.0804,1.0751,1.0774,1.078,-0.0022,0.022,-0.0044,1.0446,1.0251,1.065,1.0881,1.0533,1.0505,1.0734,1.08,1.0669,-0.0049,-0.0019,0.0105,1.0749,1.1036,1.1425,1.1173,1.1365,1.0969,1.0716,1.08,1.0908,0.0013,-0.0031,-0.0008,1.0708,1.0747,1.1091,1.1819,1.1763,1.2002,1.153,1.0955,1.1098,0.0084,0.0078,-0.0019,1.1009,1.086,1.1134,1.1186,1.1331,1.1289,1.2258,1.1447,1.1249,-0.0017,0.0065,-0.0039,1.0685,1.0967,1.1053,1.0973,1.0465,1.1066,1.1452,1.2082,1.1379,-0.0036,-0.002,-0.0064,1.0849,1.0808,1.0812,1.0841,1.0895,1.0973,1.0948,1.1661,1.21,-0.0056,0.0897
1005,0,1.0545,1.077,1.0793,1.0862,1.0964,1.0724,1.0858,1.0756,1.0762,0.0013,0.0863,-0.0012,1.0412,1.0578,1.0804,1.064,1.0838,1.0856,1.084,1.0836,1.0833,-0.0021,0.0223,-0.0046,1.0548,1.0337,1.0687,1.088,1.0584,1.0598,1.0817,1.0884,1.0751,-0.0049,-0.0016,0.0106,1.072,1.1093,1.1451,1.1255,1.1392,1.1052,1.079,1.0817,1.0947,0.0015,-0.0031,-0.0005,1.0686,1.0754,1.1091,1.1827,1.1771,1.2011,1.1555,1.0984,1.112,0.0196,0.0081,-0.0021,1.0998,1.0843,1.1147,1.1218,1.1319,1.1298,1.229,1.1491,1.1278,-0.0015,0.0064,-0.0039,1.0681,1.0951,1.1033,1.0987,1.0511,1.1105,1.1489,1.2112,1.1392,-0.0034,-0.0018,-0.0062,1.084,1.0815,1.0825,1.0864,1.091,1.0979,1.0968,1.1666,1.211,-0.005,0.0921
1020,0,1.0654,1.0804,1.0867,1.0898,1.0992,1.0723,1.0863,1.0772,1.0801,-0.0005,0.086,-0.0012,1.0503,1.0636,1.0859,1.0722,1.0848,1.0854,1.0852,1.0825,1.0869,-0.0024,0.0223,-0.0047,1.0586,1.0422,1.0784,1.0893,1.0657,1.0658,1.0832,1.09,1.0801,-0.0049,-0.0016,0.0109,1.0774,1.1138,1.1439,1.1254,1.1393,1.1076,1.0783,1.0792,1.0946,0.0014,-0.0032,-0.0006,1.0705,1.0747,1.1119,1.1821,1.1745,1.1995,1.1542,1.096,1.1111,0.0086,0.0079,-0.0021,1.1014,1.0861,1.1193,1.1244,1.1323,1.1285,1.2264,1.1451,1.1296,-0.0016,0.0066,-0.0041,1.0682,1.0929,1.1033,1.0984,1.0467,1.1098,1.1481,1.2101,1.1388,-0.0035,-0.0019,-0.0064,1.0861,1.0805,1.0809,1.0832,1.0886,1.0978,1.0956,1.168,1.2104,-0.0053,0.0944
1035,0,1.0758,1.0816,1.0876,1.0876,1.1,1.0703,1.0858,1.0809,1.0801,0.0022,0.0864,-0.0013,1.051,1.0692,1.0858,1.0726,1.0869,1.0832,1.0896,1.0836,1.088,-0.0024,0.0227,-0.0047,1.059,1.0479,1.0875,1.0879,1.0734,1.0679,1.0841,1.0937,1.0862,-0.0048,-0.0017,0.0107,1.0766,1.1125,1.1439,1.125,1.1336,1.1044,1.0767,1.0776,1.095,0.0015,-0.0031,-0.0007,1.0759,1.0756,1.1108,1.1825,1.177,1.1998,1.1555,1.0961,1.1124,0.0086,0.0083,-0.0019,1.0978,1.0844,1.1223,1.1263,1.1324,1.127,1.2267,1.1474,1.1265,-0.0015,0.0066,-0.004,1.0663,1.093,1.107,1.0979,1.0498,1.109,1.148,1.2109,1.1382,-0.0035,-0.0018,-0.006,1.0823,1.0793,1.0791,1.0822,1.0858,1.0954,1.0939,1.1672,1.2104,-0.0054,0.0967
1050,0,1.0715,1.0765,1.0844,1.0838,1.0959,1.0666,1.0831,1.08,1.0785,0.0009,0.0873,-0.0014,1.0473,1.0682,1.0797,1.0722,1.0859,1.0802,1.0889,1.0855,1.0882,-0.0026,0.0227,-0.005,1.0658,1.0556,1.0905,1.0885,1.077,1.0686,1.079,1.0944,1.0884,-0.0053,-0.0016,0.0105,1.0734,1.1156,1.1446,1.1245,1.1312,1.1057,1.0746,1.077,1.0945,0.0014,-0.0032,-0.0008,1.0696,1.0754,1.1112,1.1833,1.1739,1.2011,1.155,1.0993,1.1128,0.0085,0.0082,-0.0023,1.0997,1.0865,1.1218,1.1312,1.1302,1.1291,1.2271,1.1481,1.1287,-0.0017,0.0067,-0.0044,1.0695,1.0963,1.1059,1.0995,1.049,1.1125,1.1518,1.2125,1.1399,-0.0036,-0.0019,-0.0057,1.0869,1.0788,1.0805,1.0856,1.0906,1.0979,1.0966,1.1696,1.2111,-0.0054,0.0986
1065,0,1.0745,1.0756,1.0824,1.0831,1.0932,1.0667,1.0808,1.078,1.0792,-1.00E-04,0.0864,-0.0015,1.0479,1.0649,1.0783,1.0696,1.084,1.0793,1.0825,1.078,1.0855,-0.0024,0.0222,-0.0047,1.0608,1.0577,1.0897,1.0846,1.0776,1.0679,1.0771,1.0905,1.0859,-0.005,-0.0018,0.0108,1.0752,1.1093,1.139,1.1227,1.1282,1.0957,1.0722,1.0735,1.0869,0.0014,-0.0031,-0.0005,1.074,1.0754,1.111,1.1817,1.1746,1.2008,1.1545,1.0956,1.1113,0.0084,0.0083,-0.002,1.0996,1.0869,1.1264,1.1327,1.131,1.1278,1.2248,1.1469,1.1268,-0.0017,0.0067,-0.0043,1.0697,1.0945,1.1075,1.0961,1.0486,1.1103,1.1494,1.2106,1.1383,-0.0036,-0.0019,-0.0057,1.0821,1.0796,1.0778,1.0815,1.0861,1.0958,1.0947,1.1651,1.2097,-0.0057,0.0881
1080,0,1.071,1.0715,1.0798,1.0798,1.0909,1.0637,1.0766,1.0734,1.0743,0.0008,0.0871,-0.0019,1.0445,1.0598,1.0769,1.07,1.0845,1.0779,1.0817,1.0764,1.0799,-0.0024,0.0229,-0.005,1.0609,1.0616,1.0872,1.085,1.0775,1.0622,1.0738,1.0875,1.0821,-0.0049,0.0031,0.0106,1.0757,1.1082,1.1425,1.1244,1.1245,1.0987,1.0719,1.0732,1.0856,0.0016,-0.0031,-0.0008,1.0752,1.0736,1.1116,1.1837,1.175,1.2002,1.1532,1.0958,1.112,0.0087,0.0084,-0.0023,1.0982,1.0861,1.1301,1.1355,1.1316,1.1272,1.2244,1.1461,1.1265,-0.0017,0.0218,-0.0043,1.0715,1.0964,1.1064,1.0981,1.049,1.1132,1.151,1.2117,1.1367,-0.0035,-0.0017,-0.0053,1.0835,1.0777,1.0805,1.0852,1.0886,1.0951,1.0958,1.168,1.2089,-0.0055,0.0985
1095,0,1.0723,1.0765,1.0808,1.0805,1.0911,1.0645,1.0784,1.0727,1.0738,-0.0009,0.0867,-0.0019,1.047,1.0598,1.0753,1.0689,1.0837,1.0772,1.0793,1.0753,1.0782,-0.0026,0.0224,-0.0051,1.0541,1.0625,1.0878,1.0866,1.0734,1.062,1.0754,1.0853,1.0811,-0.0052,-0.0019,0.0111,1.0753,1.1047,1.1409,1.1227,1.1258,1.0965,1.0698,1.072,1.0832,0.0014,-0.0032,-0.0009,1.0745,1.0765,1.1132,1.1814,1.177,1.2009,1.1542,1.0975,1.1126,0.0094,0.0085,-0.0025,1.0965,1.0848,1.1334,1.1388,1.1302,1.1264,1.2261,1.1475,1.1281,-0.002,0.0211,-0.0047,1.0663,1.0937,1.1048,1.0965,1.0509,1.1134,1.1504,1.2113,1.1368,-0.0038,-0.002,-0.0053,1.0791,1.078,1.0765,1.0822,1.0868,1.0952,1.0951,1.1654,1.2092,-0.006,0.0923
1110,0,1.066,1.0712,1.0778,1.0785,1.0869,1.0616,1.0763,1.0722,1.074,-0.0004,0.0867,-0.0016,1.0452,1.0563,1.0719,1.0661,1.08,1.074,1.0798,1.0725,1.0781,-0.0025,0.0228,-0.0048,1.0557,1.0632,1.0827,1.087,1.0708,1.0615,1.0729,1.0821,1.0823,-0.0052,-0.0018,0.0106,1.0722,1.1062,1.1405,1.1234,1.125,1.0954,1.07,1.0702,1.083,0.0014,-0.0032,-0.0008,1.0717,1.0774,1.1132,1.1814,1.1758,1.2007,1.154,1.0989,1.1115,0.0085,0.0088,-0.0024,1.0988,1.0869,1.1382,1.1409,1.1316,1.1261,1.2267,1.1458,1.1279,-0.0019,0.021,-0.0046,1.0697,1.0943,1.1067,1.0987,1.0496,1.1139,1.1504,1.2111,1.1355,-0.0036,-0.0017,-0.005,1.0847,1.0776,1.0767,1.0802,1.0872,1.0934,1.0946,1.1651,1.2086,-0.0058,0.091
1125,0,1.0689,1.0724,1.0783,1.0814,1.0896,1.0633,1.0782,1.0728,1.0745,0.0005,0.0874,-0.0015,1.0461,1.0603,1.0739,1.0693,1.0825,1.0751,1.0786,1.0736,1.0753,-0.0025,0.0231,-0.0049,1.0551,1.061,1.0817,1.0851,1.0704,1.0604,1.0738,1.0822,1.0792,-0.0052,-0.0015,0.0111,1.0733,1.1036,1.1419,1.1216,1.1241,1.0962,1.0681,1.0715,1.0841,0.0018,-0.0028,-0.0008,1.0745,1.0773,1.1133,1.1849,1.1775,1.2019,1.1553,1.0977,1.1103,0.0088,0.0089,-0.0024,1.0975,1.0852,1.1414,1.1451,1.1328,1.1292,1.2265,1.1456,1.1269,-0.0017,0.0215,-0.0044,1.0686,1.0953,1.1056,1.1002,1.0509,1.1134,1.1514,1.2107,1.1365,-0.0035,-0.0017,-0.0046,1.0817,1.0783,1.0809,1.0815,1.0853,1.0948,1.0949,1.1637,1.2081,-0.0057,0.0929
1140,0,1.0616,1.0709,1.0769,1.0776,1.0886,1.0633,1.0765,1.0714,1.0718,0,0.0885,-0.0014,1.0435,1.0558,1.0725,1.069,1.0832,1.0765,1.0794,1.0743,1.0768,-0.0024,0.0234,-0.0049,1.0533,1.0578,1.0793,1.086,1.0723,1.0595,1.0742,1.0819,1.0801,-0.0053,-0.0014,0.0112,1.0719,1.1018,1.1412,1.1213,1.1226,1.0969,1.0711,1.071,1.0845,0.0017,-0.0028,-0.0007,1.0715,1.0743,1.1121,1.1837,1.1756,1.1999,1.1548,1.0984,1.1119,0.009,0.0091,-0.0023,1.1007,1.0874,1.143,1.1491,1.1321,1.1298,1.2262,1.147,1.1278,-0.0015,0.022,-0.0045,1.0719,1.0956,1.1074,1.0991,1.0505,1.1156,1.151,1.2118,1.1378,-0.0036,-0.0016,-0.0039,1.0844,1.0804,1.0792,1.0833,1.0878,1.0968,1.095,1.1656,1.208,-0.0057,0.0995
1155,0,1.062,1.0682,1.0751,1.0778,1.0882,1.0626,1.0774,1.07,1.071,-0.0006,0.0866,-0.0015,1.0409,1.0551,1.0713,1.0676,1.0825,1.0779,1.0802,1.076,1.0766,-0.002,0.0233,-0.0049,1.0528,1.0548,1.0784,1.085,1.072,1.0618,1.0747,1.0821,1.0807,-0.0049,0.0087,0.0113,1.0712,1.1028,1.1425,1.1222,1.1231,1.0955,1.071,1.0711,1.0837,0.002,-0.0026,-0.0005,1.0713,1.0746,1.1124,1.1824,1.1767,1.1999,1.1555,1.1,1.111,0.0089,0.0093,-0.0024,1.0968,1.0844,1.1434,1.1529,1.1327,1.1292,1.2268,1.1482,1.1272,-0.0015,0.022,-0.0043,1.0691,1.0921,1.1023,1.1005,1.052,1.1163,1.1519,1.2108,1.1369,-0.0033,-0.0015,-0.0036,1.0825,1.075,1.0799,1.083,1.0883,1.0977,1.0951,1.1641,1.2071,-0.0058,0.0928
1170,0,1.0646,1.0705,1.0771,1.0774,1.0874,1.0623,1.0766,1.0705,1.0709,-0.0004,0.0885,-0.0011,1.0454,1.0568,1.0732,1.069,1.0825,1.074,1.0789,1.0747,1.0771,-0.0021,0.0234,-0.005,1.0522,1.0569,1.0772,1.0844,1.0708,1.0594,1.0732,1.0839,1.0807,-0.0051,-0.0013,0.0115,1.0736,1.0987,1.1412,1.1189,1.1209,1.094,1.0704,1.0729,1.0814,0.002,-0.0026,-0.0007,1.0726,1.0745,1.1124,1.1841,1.1751,1.1997,1.1555,1.0969,1.1131,0.009,0.0094,-0.0023,1.0998,1.0871,1.148,1.153,1.1313,1.1292,1.2262,1.1455,1.1261,-0.0013,0.0226,-0.0046,1.0701,1.0944,1.1054,1.0981,1.0519,1.1159,1.1505,1.2095,1.1373,-0.0035,-0.0017,-0.0032,1.0815,1.0778,1.0788,1.0828,1.0863,1.0949,1.0936,1.1642,1.2073,-0.0058,0.0995
1185,0,1.067,1.0738,1.0795,1.0804,1.0902,1.0641,1.0778,1.0713,1.0724,-0.0006,0.0883,-0.0012,1.0467,1.0582,1.0751,1.0727,1.0835,1.0762,1.0779,1.0747,1.0769,-0.0022,0.0235,-0.0052,1.0515,1.0573,1.0806,1.0845,1.0695,1.0595,1.074,1.0817,1.0794,-0.0052,-0.0013,0.0112,1.0771,1.1026,1.1414,1.1216,1.1225,1.0934,1.0692,1.0705,1.0818,0.0019,-0.0025,-0.0008,1.0755,1.0775,1.1137,1.184,1.1782,1.2006,1.1557,1.0967,1.1119,0.0089,0.0095,-0.0025,1.0999,1.0866,1.1519,1.1529,1.1343,1.127,1.2266,1.1464,1.128,-0.0017,0.0224,-0.0047,1.0688,1.0941,1.1071,1.0993,1.0521,1.1137,1.1521,1.212,1.1365,-0.0035,-0.0016,-0.0034,1.0815,1.0788,1.0787,1.0815,1.085,1.0956,1.0944,1.1651,1.2066,-0.0059,0.1005