date,sample,od,pr,sp,attempt,biorep1,biorep2,biorep3,biorep4,avg,sd,cv,varname
1112,CELL,1,1.191,0.908,1,0.5056,0.5118,0.5188,0.5054,0.5104,0.006339295,1.242024969,endpoint
1112,CELL,0.8,1.041,0.792,1,0.4324,0.4307,0.4246,0.4519,0.4349,0.011817783,2.717356452,endpoint
1112,CELL,0.6,0.831,0.633,1,0.3602,0.3383,0.367,0.3531,0.35465,0.012288884,3.465073697,endpoint
1112,CELL,0.4,0.589,0.451,1,0.2795,0.2673,0.2717,0.271,0.272375,0.005127296,1.882440104,endpoint
1112,CELL,0.2,0.294,0.225,1,0.1868,0.1843,0.1865,0.179,0.18415,0.003609709,1.96020045,endpoint
1112,CELL,0.1,0.145,0.113,1,0.1397,0.1333,0.1359,0.1376,0.136625,0.002707243,1.981513903,endpoint
1112,CELL,0.05,0.068,0.052,1,0.113,0.1075,0.1085,0.1057,0.108675,0.003107384,2.859336259,endpoint
1112,CELL,0.025,0.036,0.025,1,0.1004,0.097,0.0944,0.0961,0.096975,0.002525041,2.603806397,endpoint
1112,CELL,1,1.191,0.908,2,0.5238,0.5286,0.5256,0.5357,0.528425,0.005238559,0.991353354,endpoint
1112,CELL,0.8,1.041,0.792,2,0.4586,0.4692,0.4555,0.4831,0.4666,0.012466221,2.671714751,endpoint
1112,CELL,0.6,0.831,0.633,2,0.3923,0.3787,0.3912,0.3912,0.38835,0.006454198,1.661953805,endpoint
1112,CELL,0.4,0.589,0.451,2,0.3011,0.2982,0.2903,0.281,0.29265,0.009008329,3.078192202,endpoint
1112,CELL,0.2,0.294,0.225,2,0.1994,0.1968,0.1979,0.1835,0.1944,0.007344386,3.777976137,endpoint
1112,CELL,0.1,0.145,0.113,2,0.1439,0.1388,0.1404,0.1418,0.141225,0.002163909,1.532241813,endpoint
1112,CELL,0.05,0.068,0.052,2,0.115,0.1112,0.1127,0.1094,0.112075,0.002371181,2.115709249,endpoint
1112,CELL,0.025,0.036,0.025,2,0.1009,0.0984,0.0972,0.0979,0.0986,0.001610383,1.633248456,endpoint
1112,CELL,1,1.191,0.908,3,0.5273,0.5501,0.5134,0.5767,0.541875,0.027710933,5.113897755,endpoint
1112,CELL,0.8,1.041,0.792,3,0.5357,0.5632,0.4767,0.5241,0.524925,0.036089738,6.875217925,endpoint
1112,CELL,0.6,0.831,0.633,3,0.4247,0.4485,0.4245,0.4322,0.432475,0.011268355,2.605550701,endpoint
1112,CELL,0.4,0.589,0.451,3,0.3269,0.336,0.2991,0.2734,0.30885,0.028370701,9.185915768,endpoint
1112,CELL,0.2,0.294,0.225,3,0.2009,0.2036,0.2059,0.1812,0.1979,0.011319305,5.719709471,endpoint
1112,CELL,0.1,0.145,0.113,3,0.1423,0.1437,0.1428,0.1463,0.143775,0.001780215,1.238195335,endpoint
1112,CELL,0.05,0.068,0.052,3,0.1141,0.114,0.116,0.1133,0.11435,0.001156143,1.011056417,endpoint
1112,CELL,0.025,0.036,0.025,3,0.1016,0.1014,0.0993,0.0968,0.099775,0.002239606,2.244656096,endpoint
1113,CELL,1,1.085,0.831,1,0.4656,0.4705,0.4463,0.4834,0.46645,0.015388849,3.299142197,endpoint
1113,CELL,0.8,0.966,0.741,1,0.4244,0.4253,0.4291,0.4044,0.4208,0.011121451,2.64293031,endpoint
1113,CELL,0.6,0.781,0.598,1,0.3372,0.3321,0.3613,0.3404,0.34275,0.012830303,3.743341407,endpoint
1113,CELL,0.4,0.537,0.412,1,0.2719,0.2665,0.287,0.2571,0.270625,0.01251276,4.623652713,endpoint
1113,CELL,0.2,0.273,0.21,1,0.1853,0.1732,0.1712,0.178,0.176925,0.006270234,3.544006734,endpoint
1113,CELL,0.1,0.13,0.103,1,0.137,0.1298,0.1378,0.1372,0.13545,0.003781975,2.792155624,endpoint
1113,CELL,0.05,0.062,0.049,1,0.1106,0.1096,0.1123,0.1117,0.11105,0.001195826,1.076835727,endpoint
1113,CELL,0.025,0.013,0.012,1,0.096,0.0948,0.0983,0.0953,0.0961,0.00154704,1.609823293,endpoint
1113,CELL,1,1.085,0.831,2,0.4883,0.43,0.4862,0.4957,0.47505,0.03030847,6.38005887,endpoint
1113,CELL,0.8,0.966,0.741,2,0.4683,0.4449,0.5003,0.3935,0.45175,0.044985146,9.957973591,endpoint
1113,CELL,0.6,0.781,0.598,2,0.3496,0.3183,0.3637,0.3516,0.3458,0.019362679,5.599386604,endpoint
1113,CELL,0.4,0.537,0.412,2,0.3055,0.2848,0.311,0.2379,0.2848,0.033239234,11.6710793,endpoint
1113,CELL,0.2,0.273,0.21,2,0.2004,0.1836,0.2023,0.1817,0.192,0.010852035,5.652101635,endpoint
1113,CELL,0.1,0.13,0.103,2,0.1503,0.1355,0.1434,0.1476,0.1442,0.006457554,4.478192591,endpoint
1113,CELL,0.05,0.062,0.049,2,0.1135,0.1096,0.1163,0.1109,0.112575,0.002965777,2.634489914,endpoint
1113,CELL,0.025,0.013,0.012,2,0.0964,0.0962,0.0981,0.0957,0.0966,0.001042433,1.079123242,endpoint
1113,CELL,1,1.085,0.831,3,0.4995,0.4076,0.4987,0.4839,0.472425,0.043807866,9.272978037,endpoint
1113,CELL,0.8,0.966,0.741,3,0.5116,0.5142,0.4776,0.3754,0.4697,0.065040398,13.84722114,endpoint
1113,CELL,0.6,0.781,0.598,3,0.3271,0.3089,0.3465,0.3447,0.3318,0.017597348,5.30360105,endpoint
1113,CELL,0.4,0.537,0.412,3,0.313,0.286,0.305,0.2287,0.283175,0.038041063,13.43376475,endpoint
1113,CELL,0.2,0.273,0.21,3,0.2058,0.2011,0.2096,0.1784,0.198725,0.013988894,7.039322886,endpoint
1113,CELL,0.1,0.13,0.103,3,0.1626,0.148,0.1455,0.1543,0.1526,0.007625833,4.99726952,endpoint
1113,CELL,0.05,0.062,0.049,3,0.1137,0.1084,0.1213,0.1102,0.1134,0.005707889,5.033412061,endpoint
1113,CELL,0.025,0.013,0.012,3,0.0971,0.0966,0.0978,0.095,0.096625,0.001189888,1.231449366,endpoint
1114,CELL,1,1.242,0.951,1,0.5156,0.5208,0.519,0.5013,0.514175,0.00885,1.72120387,endpoint
1114,CELL,0.8,1.085,0.826,1,0.444,0.4434,0.4452,0.428,0.44015,0.008134494,1.848118699,endpoint
1114,CELL,0.6,0.878,0.67,1,0.3731,0.3599,0.3782,0.3493,0.365125,0.013067613,3.57894218,endpoint
1114,CELL,0.4,0.602,0.475,1,0.2861,0.2587,0.2626,0.254,0.26535,0.014273168,5.37899691,endpoint
1114,CELL,0.2,0.312,0.243,1,0.1857,0.1676,0.1832,0.1759,0.1781,0.008141662,4.57139944,endpoint
1114,CELL,0.1,0.154,0.119,1,0.1349,0.1282,0.1373,0.1305,0.132725,0.004126641,3.109166387,endpoint
1114,CELL,0.05,0.063,0.051,1,0.1085,0.1037,0.1095,0.1095,0.1078,0.002773686,2.572992463,endpoint
1114,CELL,0.025,0.001,0.002,1,0.0926,0.0888,0.094,0.0959,0.092825,0.003004857,3.237120581,endpoint
1114,CELL,1,1.242,0.951,2,0.5261,0.5369,0.5382,0.5216,0.5307,0.008137567,1.53336484,endpoint
1114,CELL,0.8,1.085,0.826,2,0.4614,0.4683,0.4696,0.4338,0.458275,0.016708755,3.646010625,endpoint
1114,CELL,0.6,0.878,0.67,2,0.3902,0.3837,0.3814,0.3629,0.37955,0.011708829,3.084923878,endpoint
1114,CELL,0.4,0.602,0.475,2,0.3013,0.2609,0.2695,0.2574,0.272275,0.020006728,7.347985689,endpoint
1114,CELL,0.2,0.312,0.243,2,0.1858,0.1701,0.1825,0.1775,0.178975,0.00683002,3.816186351,endpoint
1114,CELL,0.1,0.154,0.119,2,0.1372,0.1272,0.1377,0.1316,0.133425,0.0049869,3.737605025,endpoint
1114,CELL,0.05,0.063,0.051,2,0.1088,0.1047,0.1101,0.1109,0.108625,0.002756054,2.537218819,endpoint
1114,CELL,0.025,0.001,0.002,2,0.0929,0.0884,0.094,0.0959,0.0928,0.003184337,3.431397269,endpoint
1114,CELL,1,1.242,0.951,3,0.5387,0.5793,0.5812,0.546,0.5613,0.022097209,3.936791284,endpoint
1114,CELL,0.8,1.085,0.826,3,0.478,0.4744,0.496,0.4305,0.469725,0.027804721,5.919361503,endpoint
1114,CELL,0.6,0.878,0.67,3,0.3855,0.3903,0.3805,0.3509,0.3768,0.017724183,4.70387025,endpoint
1114,CELL,0.4,0.602,0.475,3,0.3004,0.2593,0.2623,0.2517,0.268425,0.021778487,8.113434699,endpoint
1114,CELL,0.2,0.312,0.243,3,0.185,0.1682,0.1791,0.173,0.176325,0.007303595,4.142121086,endpoint
1114,CELL,0.1,0.154,0.119,3,0.1362,0.1269,0.1342,0.1303,0.1319,0.004136826,3.136335467,endpoint
1114,CELL,0.05,0.063,0.051,3,0.1079,0.1038,0.1105,0.1094,0.1079,0.002933712,2.718917606,endpoint
1114,CELL,0.025,0.001,0.002,3,0.0925,0.0883,0.0938,0.0956,0.09255,0.003105372,3.355344884,endpoint
1115,CELL,1,1.101,0.857,1,0.442,0.4183,0.4149,0.4331,0.427075,0.012705478,2.974999197,endpoint
1115,CELL,0.8,0.942,0.72,1,0.3648,0.3514,0.3509,0.3553,0.3556,0.006441014,1.81130889,endpoint
1115,CELL,0.6,0.751,0.573,1,0.3049,0.2835,0.3039,0.2792,0.292875,0.013429414,4.585374045,endpoint
1115,CELL,0.4,0.501,0.385,1,0.2278,0.2168,0.2231,0.2114,0.219775,0.007175131,3.264761989,endpoint
1115,CELL,0.2,0.267,0.206,1,0.1601,0.1554,0.1581,0.1506,0.15605,0.004112177,2.635166318,endpoint
1115,CELL,0.1,0.131,0.103,1,0.1262,0.1211,0.1203,0.1207,0.122075,0.002769326,2.268544773,endpoint
1115,CELL,0.05,0.064,0.048,1,0.102,0.1014,0.1033,0.1006,0.101825,0.001138347,1.117944271,endpoint
1115,CELL,0.025,0.029,0.024,1,0.0937,0.096,0.0918,0.0939,0.09385,0.001717556,1.830108049,endpoint
1115,CELL,1,1.101,0.857,2,0.4526,0.4376,0.4292,0.4488,0.44205,0.0106738,2.414613663,endpoint
1115,CELL,0.8,0.942,0.72,2,0.3776,0.368,0.3643,0.3704,0.370075,0.005609144,1.515677719,endpoint
1115,CELL,0.6,0.751,0.573,2,0.3194,0.3038,0.3145,0.2874,0.306275,0.014169304,4.626333745,endpoint
1115,CELL,0.4,0.501,0.385,2,0.2358,0.2257,0.2399,0.2191,0.230125,0.009467268,4.113967702,endpoint
1115,CELL,0.2,0.267,0.206,2,0.1651,0.1647,0.1658,0.1556,0.1628,0.00482148,2.961596878,endpoint
1115,CELL,0.1,0.131,0.103,2,0.1322,0.1233,0.1252,0.1224,0.125775,0.004439501,3.529716337,endpoint
1115,CELL,0.05,0.064,0.048,2,0.1046,0.1042,0.104,0.1024,0.1038,0.000966092,0.930724261,endpoint
1115,CELL,0.025,0.029,0.024,2,0.0949,0.0967,0.0925,0.0939,0.0945,0.001766352,1.869155739,endpoint
1115,CELL,1,1.101,0.857,3,0.4678,0.4552,0.4417,0.4571,0.45545,0.01071401,2.352400817,endpoint
1115,CELL,0.8,0.942,0.72,3,0.3925,0.3856,0.3874,0.3888,0.388575,0.002926175,0.753052815,endpoint
1115,CELL,0.6,0.751,0.573,3,0.3348,0.33,0.3352,0.3156,0.3289,0.009176056,2.789922711,endpoint
1115,CELL,0.4,0.501,0.385,3,0.2471,0.2513,0.2767,0.2442,0.254825,0.014871757,5.83606685,endpoint
1115,CELL,0.2,0.267,0.206,3,0.1728,0.1781,0.1858,0.1645,0.1753,0.008962515,5.112672292,endpoint
1115,CELL,0.1,0.131,0.103,3,0.1327,0.1265,0.1326,0.1266,0.1296,0.00352231,2.717831673,endpoint
1115,CELL,0.05,0.064,0.048,3,0.1096,0.108,0.1059,0.1039,0.10685,0.002482606,2.323449843,endpoint
1115,CELL,0.025,0.029,0.024,3,0.0961,0.0974,0.0928,0.0947,0.09525,0.001970618,2.068889764,endpoint
1112,BSA,0.9,0.639,0.629,1,0.4038,0.401,0.4178,0.4092,0.40795,0.00739617,1.813008991,endpoint
1112,BSA,0.8,0.528,0.521,1,0.3772,0.3838,0.3804,0.3725,0.378475,0.004809279,1.270699313,endpoint
1112,BSA,0.7,0.473,0.46,1,0.3758,0.3719,0.3726,0.3652,0.371375,0.004452995,1.199056276,endpoint
1112,BSA,0.6,0.411,0.388,1,0.3609,0.3513,0.3619,0.3629,0.35925,0.005362524,1.49269987,endpoint
1112,BSA,0.5,0.367,0.351,1,0.368,0.3327,0.3415,0.3439,0.346525,0.015104607,4.35887958,endpoint
1112,BSA,0.4,0.314,0.296,1,0.3248,0.32,0.3316,0.3185,0.323725,0.005897669,1.821814513,endpoint
1112,BSA,0.3,0.252,0.232,1,0.2832,0.288,0.2817,0.2877,0.28515,0.003179623,1.11507018,endpoint
1112,BSA,0.2,0.146,0.136,1,0.2537,0.2575,0.2535,0.272,0.259175,0.008745809,3.374479992,endpoint
1112,BSA,0.9,0.639,0.629,2,0.4022,0.4028,0.4147,0.4101,0.40745,0.006021351,1.47781345,endpoint
1112,BSA,0.8,0.528,0.521,2,0.3798,0.3831,0.3809,0.3719,0.378925,0.004880147,1.287892553,endpoint
1112,BSA,0.7,0.473,0.46,2,0.3758,0.3696,0.3678,0.366,0.3698,0.004261455,1.152367537,endpoint
1112,BSA,0.6,0.411,0.388,2,0.3597,0.3497,0.3615,0.3613,0.35805,0.005624648,1.570911364,endpoint
1112,BSA,0.5,0.367,0.351,2,0.3675,0.3337,0.3413,0.3428,0.346325,0.014667964,4.235317681,endpoint
1112,BSA,0.4,0.314,0.296,2,0.3232,0.3182,0.3293,0.3178,0.322125,0.005377344,1.669334715,endpoint
1112,BSA,0.3,0.252,0.232,2,0.284,0.2882,0.2815,0.2838,0.284375,0.002790908,0.981418148,endpoint
1112,BSA,0.2,0.146,0.136,2,0.2523,0.2563,0.2545,0.2717,0.2587,0.008819675,3.409228827,endpoint
1112,BSA,0.9,0.639,0.629,3,0.4011,0.3983,0.4124,0.4066,0.4046,0.006239124,1.542047422,endpoint
1112,BSA,0.8,0.528,0.521,3,0.3761,0.3774,0.3771,0.3708,0.37535,0.003083829,0.821587529,endpoint
1112,BSA,0.7,0.473,0.46,3,0.3737,0.3692,0.3684,0.3627,0.3685,0.004515898,1.225481097,endpoint
1112,BSA,0.6,0.411,0.388,3,0.3586,0.3488,0.3586,0.3591,0.356275,0.004988904,1.400295939,endpoint
1112,BSA,0.5,0.367,0.351,3,0.3595,0.334,0.3391,0.3419,0.343625,0.011077116,3.223605981,endpoint
1112,BSA,0.4,0.314,0.296,3,0.3217,0.3192,0.3318,0.3206,0.323325,0.005741878,1.775884427,endpoint
1112,BSA,0.3,0.252,0.232,3,0.2827,0.2884,0.2811,0.2835,0.283925,0.003145764,1.107956097,endpoint
1112,BSA,0.2,0.146,0.136,3,0.2526,0.2566,0.2542,0.2712,0.25865,0.008526625,3.296588041,endpoint
1113,BSA,0.9,0.51,0.503,1,0.4019,0.362,0.3864,0.3976,0.386975,0.017886005,4.622005238,endpoint
1113,BSA,0.8,0.542,0.53,1,0.3963,0.389,0.3927,0.3774,0.38885,0.00819451,2.107370543,endpoint
1113,BSA,0.7,0.412,0.404,1,0.373,0.3635,0.37,0.3686,0.368775,0.003966842,1.075680763,endpoint
1113,BSA,0.6,0.433,0.419,1,0.3608,0.3559,0.3536,0.3505,0.3552,0.004339739,1.221773326,endpoint
1113,BSA,0.5,0.348,0.338,1,0.3551,0.3346,0.3351,0.3385,0.340825,0.009673116,2.838147338,endpoint
1113,BSA,0.4,0.309,0.295,1,0.3231,0.3288,0.3207,0.3137,0.321575,0.006253199,1.944553893,endpoint
1113,BSA,0.3,0.24,0.229,1,0.3145,0.3077,0.3025,0.3029,0.3069,0.005590468,1.821592727,endpoint
1113,BSA,0.2,0.15,0.137,1,0.2887,0.2872,0.2776,0.2764,0.282475,0.00637044,2.255222425,endpoint
1113,BSA,0.9,0.51,0.503,2,0.3988,0.3603,0.3812,0.3977,0.3845,0.01803016,4.689248353,endpoint
1113,BSA,0.8,0.542,0.53,2,0.3976,0.3882,0.3888,0.3746,0.3873,0.00949456,2.45147427,endpoint
1113,BSA,0.7,0.412,0.404,2,0.3704,0.3585,0.3672,0.3656,0.365425,0.005029496,1.37634161,endpoint
1113,BSA,0.6,0.433,0.419,2,0.3577,0.3542,0.3515,0.3484,0.35295,0.003955165,1.120602181,endpoint
1113,BSA,0.5,0.348,0.338,2,0.3555,0.3314,0.3341,0.3369,0.339475,0.010916768,3.215779792,endpoint
1113,BSA,0.4,0.309,0.295,2,0.3198,0.3264,0.3188,0.3144,0.31985,0.004956813,1.549730653,endpoint
1113,BSA,0.3,0.24,0.229,2,0.315,0.3064,0.3008,0.3034,0.3064,0.00617306,2.014706184,endpoint
1113,BSA,0.2,0.15,0.137,2,0.2869,0.2861,0.2781,0.2767,0.28195,0.005294966,1.877980551,endpoint
1113,BSA,0.9,0.51,0.503,3,0.4002,0.3586,0.3837,0.3948,0.384325,0.018474374,4.806966537,endpoint
1113,BSA,0.8,0.542,0.53,3,0.3935,0.3856,0.3837,0.3713,0.383525,0.009188535,2.3958111,endpoint
1113,BSA,0.7,0.412,0.404,3,0.3704,0.3578,0.3668,0.3634,0.3646,0.005359104,1.469858586,endpoint
1113,BSA,0.6,0.433,0.419,3,0.3576,0.3524,0.3523,0.3457,0.352,0.004875107,1.384973533,endpoint
1113,BSA,0.5,0.348,0.338,3,0.3518,0.3309,0.3355,0.3345,0.338175,0.009295653,2.748770047,endpoint
1113,BSA,0.4,0.309,0.295,3,0.3198,0.3258,0.3182,0.3148,0.31965,0.004599638,1.438960634,endpoint
1113,BSA,0.3,0.24,0.229,3,0.3143,0.3074,0.3061,0.3021,0.307475,0.005078304,1.651615098,endpoint
1113,BSA,0.2,0.15,0.137,3,0.2869,0.2856,0.2768,0.2747,0.281,0.006145459,2.186996095,endpoint
1114,BSA,0.9,0.483,0.502,1,0.4002,0.3784,0.3849,0.3859,0.38735,0.009189305,2.372351976,endpoint
1114,BSA,0.8,0.478,0.462,1,0.3737,0.3743,0.3802,0.3963,0.381125,0.010533241,2.763723459,endpoint
1114,BSA,0.7,0.451,0.427,1,0.4009,0.4125,0.3974,0.3936,0.4011,0.008163741,2.035338063,endpoint
1114,BSA,0.6,0.425,0.384,1,0.363,0.3579,0.3627,0.3763,0.364975,0.007903322,2.16544204,endpoint
1114,BSA,0.5,0.337,0.296,1,0.357,0.3416,0.3511,0.3469,0.34915,0.006518947,1.867090576,endpoint
1114,BSA,0.4,0.248,0.251,1,0.317,0.3107,0.3165,0.3006,0.3112,0.00762321,2.449617665,endpoint
1114,BSA,0.3,0.162,0.177,1,0.3439,0.3317,0.3554,0.3761,0.351775,0.018884451,5.368332393,endpoint
1114,BSA,0.2,0.097,0.099,1,0.2765,0.2753,0.2748,0.289,0.2789,0.006771017,2.427757857,endpoint
1114,BSA,0.9,0.483,0.502,2,0.3998,0.3771,0.3839,0.3865,0.386825,0.009514682,2.459686328,endpoint
1114,BSA,0.8,0.478,0.462,2,0.3734,0.3714,0.3804,0.393,0.37955,0.00976166,2.57190349,endpoint
1114,BSA,0.7,0.451,0.427,2,0.3954,0.4114,0.3957,0.3939,0.3991,0.008237718,2.064073698,endpoint
1114,BSA,0.6,0.425,0.384,2,0.3618,0.3576,0.3617,0.3773,0.3646,0.008689841,2.383390239,endpoint
1114,BSA,0.5,0.337,0.296,2,0.3547,0.3418,0.3511,0.3458,0.34835,0.005694734,1.634773765,endpoint
1114,BSA,0.4,0.248,0.251,2,0.3178,0.3107,0.3154,0.3019,0.31145,0.007016409,2.252820465,endpoint
1114,BSA,0.3,0.162,0.177,2,0.3436,0.3318,0.355,0.3779,0.352075,0.01965017,5.581245369,endpoint
1114,BSA,0.2,0.097,0.099,2,0.2789,0.2781,0.2749,0.2872,0.279775,0.005243011,1.874009908,endpoint
1114,BSA,0.9,0.483,0.502,3,0.3981,0.3743,0.3824,0.3835,0.384575,0.009906017,2.575834802,endpoint
1114,BSA,0.8,0.478,0.462,3,0.371,0.3726,0.3778,0.3943,0.378925,0.010653129,2.81140844,endpoint
1114,BSA,0.7,0.451,0.427,3,0.3956,0.4108,0.3936,0.3909,0.397725,0.008926879,2.244485232,endpoint
1114,BSA,0.6,0.425,0.384,3,0.3594,0.3555,0.3596,0.3749,0.36235,0.008576907,2.367022762,endpoint
1114,BSA,0.5,0.337,0.296,3,0.3553,0.3387,0.3483,0.345,0.346825,0.006912489,1.993076825,endpoint
1114,BSA,0.4,0.248,0.251,3,0.3151,0.3093,0.3161,0.3011,0.3104,0.006886702,2.218654047,endpoint
1114,BSA,0.3,0.162,0.177,3,0.342,0.3301,0.3539,0.3765,0.350625,0.019798211,5.646548648,endpoint
1114,BSA,0.2,0.097,0.099,3,0.275,0.2743,0.2751,0.2864,0.2777,0.005810909,2.092513245,endpoint
1115,BSA,0.9,0.606,0.6,1,0.4007,0.4018,0.4007,0.4088,0.403,0.003901282,0.96806001,endpoint
1115,BSA,0.8,0.533,0.531,1,0.3796,0.3813,0.3834,0.388,0.383075,0.003632607,0.948275654,endpoint
1115,BSA,0.7,0.461,0.44,1,0.3652,0.3693,0.3626,0.3708,0.366975,0.003756217,1.023562114,endpoint
1115,BSA,0.6,0.402,0.385,1,0.348,0.3476,0.351,0.3503,0.349225,0.001678044,0.480505261,endpoint
1115,BSA,0.5,0.334,0.324,1,0.3303,0.327,0.3243,0.3291,0.327675,0.002631064,0.802949393,endpoint
1115,BSA,0.4,0.259,0.242,1,0.3069,0.3074,0.3055,0.3075,0.306825,0.000921502,0.300334848,endpoint
1115,BSA,0.3,0.216,0.203,1,0.2964,0.2964,0.2896,0.288,0.2926,0.004436215,1.516136228,endpoint
1115,BSA,0.2,0.145,0.136,1,0.2712,0.2698,0.2732,0.2728,0.27175,0.001560983,0.574418619,endpoint
1115,BSA,0.9,0.606,0.6,2,0.3973,0.3992,0.4036,0.4054,0.401375,0.00376331,0.937604413,endpoint
1115,BSA,0.8,0.533,0.531,2,0.3832,0.3767,0.3797,0.3886,0.38205,0.005111099,1.337808934,endpoint
1115,BSA,0.7,0.461,0.44,2,0.3646,0.3667,0.3617,0.371,0.366,0.003913225,1.069187278,endpoint
1115,BSA,0.6,0.402,0.385,2,0.3464,0.347,0.3507,0.3498,0.348475,0.002096624,0.601657012,endpoint
1115,BSA,0.5,0.334,0.324,2,0.3299,0.3243,0.3245,0.3262,0.326225,0.002594064,0.795176254,endpoint
1115,BSA,0.4,0.259,0.242,2,0.3075,0.3068,0.303,0.3054,0.305675,0.001985573,0.649569957,endpoint
1115,BSA,0.3,0.216,0.203,2,0.2952,0.2947,0.2878,0.2879,0.2914,0.004104469,1.408534354,endpoint
1115,BSA,0.2,0.145,0.136,2,0.2696,0.2689,0.2694,0.2725,0.2701,0.001626858,0.602316887,endpoint
1115,BSA,0.9,0.606,0.6,3,0.3974,0.3974,0.4,0.4035,0.399575,0.002889492,0.723141452,endpoint
1115,BSA,0.8,0.533,0.531,3,0.3769,0.3766,0.3788,0.3875,0.37995,0.005126727,1.349316318,endpoint
1115,BSA,0.7,0.461,0.44,3,0.3657,0.3664,0.3618,0.371,0.366225,0.003772157,1.030010722,endpoint
1115,BSA,0.6,0.402,0.385,3,0.3482,0.3463,0.3484,0.349,0.347975,0.001167262,0.335444142,endpoint
1115,BSA,0.5,0.334,0.324,3,0.3287,0.3234,0.3215,0.324,0.3244,0.003058322,0.942762633,endpoint
1115,BSA,0.4,0.259,0.242,3,0.31,0.3049,0.3022,0.3045,0.3054,0.003289377,1.077071657,endpoint
1115,BSA,0.3,0.216,0.203,3,0.2957,0.294,0.2876,0.2858,0.290775,0.004812744,1.655143496,endpoint
1115,BSA,0.2,0.145,0.136,3,0.2703,0.2697,0.2696,0.272,0.2704,0.001110555,0.410708364,endpoint
1112,CELL,1,1.191,0.908,1,0.4713,0.4752,0.4874,0.4878,0.480425,0.008438157,1.756394314,kinetic
1112,CELL,0.8,1.041,0.792,1,0.4264,0.4418,0.4164,0.4205,0.426275,0.011134144,2.611962743,kinetic
1112,CELL,0.6,0.831,0.633,1,0.3715,0.3414,0.3523,0.3358,0.35025,0.015736264,4.492866196,kinetic
1112,CELL,0.4,0.589,0.451,1,0.2751,0.2554,0.2773,0.2431,0.262725,0.016374447,6.232542223,kinetic
1112,CELL,0.2,0.294,0.225,1,0.1829,0.1745,0.1814,0.1588,0.1744,0.011024518,6.32139801,kinetic
1112,CELL,0.1,0.145,0.113,1,0.1315,0.1279,0.1346,0.1285,0.130625,0.003082613,2.359894759,kinetic
1112,CELL,0.05,0.068,0.052,1,0.1084,0.1079,0.1081,0.1082,0.10815,0.000208167,0.192479519,kinetic
1112,CELL,0.025,0.036,0.025,1,0.099,0.096,0.0944,0.0959,0.096325,0.00192765,2.001193555,kinetic
1112,CELL,1,1.191,0.908,2,0.4534,0.4827,0.4894,0.504,0.482375,0.021265367,4.408472038,kinetic
1112,CELL,0.8,1.041,0.792,2,0.4029,0.4205,0.477,0.4639,0.441075,0.035082035,7.953757255,kinetic
1112,CELL,0.6,0.831,0.633,2,0.4445,0.4047,0.3921,0.3554,0.399175,0.036747732,9.2059203,kinetic
1112,CELL,0.4,0.589,0.451,2,0.2975,0.2766,0.2973,0.2371,0.277125,0.028427965,10.25817394,kinetic
1112,CELL,0.2,0.294,0.225,2,0.1802,0.1765,0.1847,0.1574,0.1747,0.012010828,6.875116455,kinetic
1112,CELL,0.1,0.145,0.113,2,0.1355,0.1301,0.1399,0.1376,0.135775,0.004188377,3.084792321,kinetic
1112,CELL,0.05,0.068,0.052,2,0.1088,0.1086,0.1111,0.1082,0.109175,0.001307351,1.197482035,kinetic
1112,CELL,0.025,0.036,0.025,2,0.1032,0.1006,0.0965,0.0952,0.098875,0.00368906,3.731034543,kinetic
1112,CELL,1,1.191,0.908,3,0.464,0.4709,0.4784,0.4926,0.476475,0.012253265,2.571649063,kinetic
1112,CELL,0.8,1.041,0.792,3,0.4121,0.4331,0.4249,0.4263,0.4241,0.008765082,2.066748936,kinetic
1112,CELL,0.6,0.831,0.633,3,0.3814,0.3528,0.3581,0.3362,0.357125,0.018679646,5.230562348,kinetic
1112,CELL,0.4,0.589,0.451,3,0.2756,0.256,0.2754,0.2411,0.262025,0.016706561,6.375941451,kinetic
1112,CELL,0.2,0.294,0.225,3,0.1779,0.1736,0.179,0.159,0.172375,0.009216064,5.346520014,kinetic
1112,CELL,0.1,0.145,0.113,3,0.1331,0.1277,0.1356,0.1293,0.131425,0.003588291,2.730295715,kinetic
1112,CELL,0.05,0.068,0.052,3,0.1077,0.1082,0.1089,0.1058,0.10765,0.001327906,1.233539823,kinetic
1112,CELL,0.025,0.036,0.025,3,0.1007,0.0982,0.0949,0.0947,0.097125,0.002873297,2.958349134,kinetic
1113,CELL,1,1.085,0.831,1,0.4412,0.4025,0.4352,0.4386,0.429375,0.018084316,4.211776747,kinetic
1113,CELL,0.8,0.966,0.741,1,0.3859,0.3718,0.3695,0.3512,0.3696,0.014248977,3.855242579,kinetic
1113,CELL,0.6,0.781,0.598,1,0.2865,0.2932,0.323,0.2994,0.300525,0.015882354,5.284869458,kinetic
1113,CELL,0.4,0.537,0.412,1,0.2451,0.2359,0.2536,0.2321,0.241675,0.009643089,3.99010616,kinetic
1113,CELL,0.2,0.273,0.21,1,0.166,0.1634,0.1644,0.1659,0.164925,0.001252664,0.759535442,kinetic
1113,CELL,0.1,0.13,0.103,1,0.1297,0.1221,0.1297,0.1287,0.12755,0.003663787,2.87243179,kinetic
1113,CELL,0.05,0.062,0.049,1,0.1089,0.1059,0.1101,0.1072,0.108025,0.00185,1.712566536,kinetic
1113,CELL,0.025,0.013,0.012,1,0.0947,0.0942,0.0969,0.0946,0.0951,0.001219289,1.282112945,kinetic
1113,CELL,1,1.085,0.831,2,0.4424,0.3781,0.4328,0.4327,0.4215,0.029288792,6.948705087,kinetic
1113,CELL,0.8,0.966,0.741,2,0.3735,0.3825,0.3555,0.3336,0.361275,0.021596354,5.977815752,kinetic
1113,CELL,0.6,0.781,0.598,2,0.2789,0.2816,0.3122,0.2922,0.291225,0.015115638,5.190364013,kinetic
1113,CELL,0.4,0.537,0.412,2,0.2534,0.2418,0.2459,0.2295,0.24265,0.009996166,4.119582086,kinetic
1113,CELL,0.2,0.273,0.21,2,0.1635,0.1652,0.1599,0.1608,0.16235,0.002439262,1.502471317,kinetic
1113,CELL,0.1,0.13,0.103,2,0.1266,0.1225,0.1308,0.1334,0.128325,0.004788441,3.731494988,kinetic
1113,CELL,0.05,0.062,0.049,2,0.1096,0.1049,0.1092,0.1064,0.107525,0.002255918,2.098040588,kinetic
1113,CELL,0.025,0.013,0.012,2,0.0953,0.0968,0.0967,0.0944,0.0958,0.001157584,1.208333706,kinetic
1113,CELL,1,1.085,0.831,3,0.4383,0.3944,0.4344,0.4359,0.42575,0.020961632,4.923460156,kinetic
1113,CELL,0.8,0.966,0.741,3,0.3861,0.3868,0.3601,0.3411,0.368525,0.022105561,5.998388479,kinetic
1113,CELL,0.6,0.781,0.598,3,0.2828,0.2875,0.3203,0.2995,0.297525,0.016732478,5.623889891,kinetic
1113,CELL,0.4,0.537,0.412,3,0.2473,0.2372,0.2467,0.2356,0.2417,0.006159545,2.548425916,kinetic
1113,CELL,0.2,0.273,0.21,3,0.1643,0.162,0.1619,0.1641,0.163075,0.001302242,0.798553829,kinetic
1113,CELL,0.1,0.13,0.103,3,0.1281,0.1215,0.131,0.1301,0.127675,0.004291367,3.361164914,kinetic
1113,CELL,0.05,0.062,0.049,3,0.1088,0.1055,0.1092,0.1064,0.107475,0.001806239,1.68061334,kinetic
1113,CELL,0.025,0.013,0.012,3,0.0949,0.0954,0.097,0.0941,0.09535,0.001223383,1.283044874,kinetic
1114,CELL,1,1.242,0.951,1,0.4957,0.4953,0.5247,0.4844,0.500025,0.017262942,3.45241578,kinetic
1114,CELL,0.8,1.085,0.826,1,0.4138,0.4217,0.4198,0.4161,0.41785,0.003563238,0.852755349,kinetic
1114,CELL,0.6,0.878,0.67,1,0.3531,0.3427,0.3548,0.3303,0.345225,0.011296423,3.272191393,kinetic
1114,CELL,0.4,0.602,0.475,1,0.2599,0.2482,0.2702,0.2474,0.256425,0.010815537,4.217816775,kinetic
1114,CELL,0.2,0.312,0.243,1,0.1816,0.1728,0.1818,0.1713,0.176875,0.005605578,3.16923114,kinetic
1114,CELL,0.1,0.154,0.119,1,0.1352,0.1313,0.1393,0.1299,0.133925,0.004227194,3.156388808,kinetic
1114,CELL,0.05,0.063,0.051,1,0.1083,0.1056,0.1093,0.1083,0.107875,0.001588238,1.472294802,kinetic
1114,CELL,0.025,0.001,0.002,1,0.0924,0.0881,0.0939,0.0949,0.092325,0.002998194,3.247434499,kinetic
1114,CELL,1,1.242,0.951,2,0.5212,0.5202,0.5154,0.4902,0.51175,0.014588009,2.850612364,kinetic
1114,CELL,0.8,1.085,0.826,2,0.4181,0.4353,0.4224,0.4285,0.426075,0.007485263,1.756794766,kinetic
1114,CELL,0.6,0.878,0.67,2,0.3479,0.3573,0.3634,0.3362,0.3512,0.011859455,3.376837909,kinetic
1114,CELL,0.4,0.602,0.475,2,0.2615,0.2508,0.277,0.2464,0.258925,0.013616503,5.258860082,kinetic
1114,CELL,0.2,0.312,0.243,2,0.1816,0.1788,0.1808,0.1727,0.178475,0.004026061,2.255812263,kinetic
1114,CELL,0.1,0.154,0.119,2,0.1361,0.135,0.1396,0.1301,0.1352,0.003925133,2.903204655,kinetic
1114,CELL,0.05,0.063,0.051,2,0.1089,0.1073,0.1101,0.109,0.108825,0.001152895,1.059402625,kinetic
1114,CELL,0.025,0.001,0.002,2,0.0926,0.0882,0.0935,0.0949,0.0923,0.002892519,3.133823496,kinetic
1114,CELL,1,1.242,0.951,3,0.4948,0.4986,0.5167,0.4808,0.497725,0.014785438,2.970603778,kinetic
1114,CELL,0.8,1.085,0.826,3,0.415,0.4238,0.4215,0.4175,0.41945,0.003946729,0.940929456,kinetic
1114,CELL,0.6,0.878,0.67,3,0.3476,0.3455,0.3585,0.3305,0.345525,0.011523997,3.335213574,kinetic
1114,CELL,0.4,0.602,0.475,3,0.2646,0.2475,0.277,0.2471,0.25905,0.014482288,5.590537747,kinetic
1114,CELL,0.2,0.312,0.243,3,0.1803,0.1736,0.1834,0.1729,0.17755,0.005131926,2.890411836,kinetic
1114,CELL,0.1,0.154,0.119,3,0.1338,0.1321,0.1359,0.1298,0.1329,0.002585859,1.945717818,kinetic
1114,CELL,0.05,0.063,0.051,3,0.1082,0.1061,0.1106,0.1089,0.10845,0.001862794,1.717652006,kinetic
1114,CELL,0.025,0.001,0.002,3,0.0924,0.088,0.0936,0.095,0.09225,0.003025998,3.28021513,kinetic
1115,CELL,1,1.101,0.857,1,0.4285,0.4092,0.4223,0.4078,0.41695,0.010096369,2.421481949,kinetic
1115,CELL,0.8,0.942,0.72,1,0.3375,0.327,0.3656,0.3311,0.3403,0.017411299,5.116455778,kinetic
1115,CELL,0.6,0.751,0.573,1,0.2869,0.2668,0.3087,0.2643,0.281675,0.020662426,7.335555388,kinetic
1115,CELL,0.4,0.501,0.385,1,0.2126,0.2067,0.2324,0.2081,0.21495,0.011902521,5.537343913,kinetic
1115,CELL,0.2,0.267,0.206,1,0.1534,0.1573,0.1559,0.1441,0.152675,0.005939907,3.890556677,kinetic
1115,CELL,0.1,0.131,0.103,1,0.1222,0.1159,0.1201,0.1193,0.119375,0.002619637,2.194460632,kinetic
1115,CELL,0.05,0.064,0.048,1,0.1047,0.104,0.1031,0.0972,0.10225,0.003429772,3.354299868,kinetic
1115,CELL,0.025,0.029,0.024,1,0.0925,0.0965,0.0921,0.092,0.093275,0.002160825,2.316618022,kinetic
1115,CELL,1,1.101,0.857,2,0.4042,0.3954,0.4286,0.4274,0.4139,0.016680128,4.029989828,kinetic
1115,CELL,0.8,0.942,0.72,2,0.3407,0.3556,0.4079,0.3471,0.362825,0.030663483,8.451314718,kinetic
1115,CELL,0.6,0.751,0.573,2,0.2852,0.2621,0.3563,0.2553,0.289725,0.046191368,15.94317654,kinetic
1115,CELL,0.4,0.501,0.385,2,0.2114,0.2067,0.2347,0.2202,0.21825,0.012311648,5.641075648,kinetic
1115,CELL,0.2,0.267,0.206,2,0.1672,0.1694,0.1516,0.1501,0.159575,0.010133237,6.350140931,kinetic
1115,CELL,0.1,0.131,0.103,2,0.1281,0.1172,0.1211,0.1282,0.12365,0.005434765,4.395280742,kinetic
1115,CELL,0.05,0.064,0.048,2,0.11,0.1091,0.1035,0.0971,0.104925,0.005956719,5.677120701,kinetic
1115,CELL,0.025,0.029,0.024,2,0.0929,0.0983,0.0932,0.0926,0.09425,0.002711088,2.876486305,kinetic
1115,CELL,1,1.101,0.857,3,0.4154,0.41,0.4202,0.414,0.4149,0.004209513,1.014584969,kinetic
1115,CELL,0.8,0.942,0.72,3,0.3363,0.3319,0.3682,0.3323,0.342175,0.017463366,5.103635981,kinetic
1115,CELL,0.6,0.751,0.573,3,0.288,0.2677,0.3274,0.26,0.285775,0.030158733,10.55331392,kinetic
1115,CELL,0.4,0.501,0.385,3,0.2125,0.2059,0.23,0.2059,0.213575,0.011383431,5.329945425,kinetic
1115,CELL,0.2,0.267,0.206,3,0.1559,0.1609,0.1532,0.1437,0.153425,0.007225591,4.70952654,kinetic
1115,CELL,0.1,0.131,0.103,3,0.1246,0.1157,0.1182,0.1213,0.11995,0.003854435,3.213367799,kinetic
1115,CELL,0.05,0.064,0.048,3,0.1057,0.105,0.1025,0.0978,0.10275,0.003574446,3.478779897,kinetic
1115,CELL,0.025,0.029,0.024,3,0.0933,0.0961,0.0921,0.0929,0.0936,0.001739732,1.858687799,kinetic
1112,BSA,0.9,0.639,0.629,1,0.3725,0.3716,0.3666,0.3824,0.373275,0.006613811,1.771833449,kinetic
1112,BSA,0.8,0.528,0.521,1,0.3493,0.3505,0.3525,0.3414,0.348425,0.004865782,1.39650768,kinetic
1112,BSA,0.7,0.473,0.46,1,0.3471,0.3423,0.3447,0.3378,0.342975,0.003967682,1.156842902,kinetic
1112,BSA,0.6,0.411,0.388,1,0.3344,0.3274,0.3342,0.3344,0.3326,0.003467948,1.042678437,kinetic
1112,BSA,0.5,0.367,0.351,1,0.3326,0.314,0.3186,0.3165,0.320425,0.008331616,2.600176793,kinetic
1112,BSA,0.4,0.314,0.296,1,0.3043,0.3034,0.3115,0.3003,0.304875,0.004737352,1.553866857,kinetic
1112,BSA,0.3,0.252,0.232,1,0.2704,0.2751,0.2684,0.2671,0.27025,0.00350666,1.297561639,kinetic
1112,BSA,0.2,0.146,0.136,1,0.2464,0.251,0.2475,0.2644,0.252325,0.008285479,3.283653727,kinetic
1112,BSA,0.9,0.639,0.629,2,0.3885,0.3856,0.3855,0.3902,0.38745,0.002301449,0.593998921,kinetic
1112,BSA,0.8,0.528,0.521,2,0.3593,0.3638,0.3677,0.3589,0.362425,0.004159627,1.147720877,kinetic
1112,BSA,0.7,0.473,0.46,2,0.3633,0.3555,0.3611,0.3482,0.357025,0.006737643,1.887162807,kinetic
1112,BSA,0.6,0.411,0.388,2,0.3489,0.3386,0.3495,0.3508,0.34695,0.00562287,1.620657146,kinetic
1112,BSA,0.5,0.367,0.351,2,0.3413,0.32,0.3298,0.333,0.331025,0.008803929,2.659596419,kinetic
1112,BSA,0.4,0.314,0.296,2,0.3142,0.3118,0.3239,0.3064,0.314075,0.007317274,2.329785587,kinetic
1112,BSA,0.3,0.252,0.232,2,0.2779,0.2831,0.2781,0.2779,0.27925,0.002568398,0.919748499,kinetic
1112,BSA,0.2,0.146,0.136,2,0.2503,0.2536,0.251,0.268,0.255725,0.00830557,3.247852349,kinetic
1112,BSA,0.9,0.639,0.629,3,0.3774,0.3761,0.3745,0.3859,0.378475,0.005090105,1.344898548,kinetic
1112,BSA,0.8,0.528,0.521,3,0.3504,0.3586,0.3558,0.3515,0.354075,0.003811714,1.076527402,kinetic
1112,BSA,0.7,0.473,0.46,3,0.354,0.3472,0.3492,0.3408,0.3478,0.005469918,1.572719302,kinetic
1112,BSA,0.6,0.411,0.388,3,0.3403,0.3321,0.3413,0.3435,0.3393,0.004982637,1.468504721,kinetic
1112,BSA,0.5,0.367,0.351,3,0.3356,0.3142,0.325,0.3224,0.3243,0.008827986,2.722166452,kinetic
1112,BSA,0.4,0.314,0.296,3,0.3088,0.306,0.3175,0.3034,0.308925,0.006127193,1.983391919,kinetic
1112,BSA,0.3,0.252,0.232,3,0.273,0.277,0.2732,0.2735,0.274175,0.00189451,0.690985542,kinetic
1112,BSA,0.2,0.146,0.136,3,0.2481,0.2514,0.2489,0.265,0.25335,0.007892824,3.115383361,kinetic
1113,BSA,0.9,0.51,0.503,1,0.3688,0.3312,0.3561,0.3607,0.3542,0.0162072,4.575719945,kinetic
1113,BSA,0.8,0.542,0.53,1,0.3646,0.3574,0.358,0.3459,0.356475,0.007768044,2.179127151,kinetic
1113,BSA,0.7,0.412,0.404,1,0.3428,0.3303,0.3381,0.3367,0.336975,0.005158407,1.530798242,kinetic
1113,BSA,0.6,0.433,0.419,1,0.3302,0.3216,0.3295,0.3204,0.325425,0.005140931,1.579758938,kinetic
1113,BSA,0.5,0.348,0.338,1,0.3261,0.3143,0.3147,0.3069,0.3155,0.007924645,2.511773408,kinetic
1113,BSA,0.4,0.309,0.295,1,0.2982,0.3092,0.3043,0.2941,0.30145,0.006652568,2.206856336,kinetic
1113,BSA,0.3,0.24,0.229,1,0.302,0.29,0.2898,0.2868,0.29215,0.006727803,2.302859151,kinetic
1113,BSA,0.2,0.15,0.137,1,0.2808,0.2779,0.2677,0.2671,0.273375,0.007004463,2.562217783,kinetic
1113,BSA,0.9,0.51,0.503,2,0.378,0.3442,0.3658,0.3765,0.366125,0.015593455,4.259052188,kinetic
1113,BSA,0.8,0.542,0.53,2,0.3778,0.3725,0.369,0.3645,0.37095,0.005619312,1.514843493,kinetic
1113,BSA,0.7,0.412,0.404,2,0.3583,0.34,0.3521,0.3519,0.350575,0.007650436,2.182253645,kinetic
1113,BSA,0.6,0.433,0.419,2,0.3445,0.3399,0.3449,0.3374,0.341675,0.003642687,1.066126213,kinetic
1113,BSA,0.5,0.348,0.338,2,0.3408,0.3202,0.3221,0.3221,0.3263,0.009708072,2.975198358,kinetic
1113,BSA,0.4,0.309,0.295,2,0.3062,0.3162,0.3092,0.3045,0.309025,0.005162929,1.670715559,kinetic
1113,BSA,0.3,0.24,0.229,2,0.3077,0.2975,0.2946,0.2955,0.298825,0.006039523,2.021090139,kinetic
1113,BSA,0.2,0.15,0.137,2,0.2841,0.283,0.2724,0.2714,0.277725,0.006753456,2.43170615,kinetic
1113,BSA,0.9,0.51,0.503,3,0.3708,0.3386,0.3579,0.3749,0.36055,0.016327992,4.528634676,kinetic
1113,BSA,0.8,0.542,0.53,3,0.3646,0.3592,0.3625,0.3514,0.359425,0.005793315,1.611828647,kinetic
1113,BSA,0.7,0.412,0.404,3,0.3551,0.3366,0.343,0.3395,0.34355,0.008132445,2.367179539,kinetic
1113,BSA,0.6,0.433,0.419,3,0.3325,0.3321,0.3329,0.325,0.330625,0.003764195,1.138508992,kinetic
1113,BSA,0.5,0.348,0.338,3,0.3342,0.3133,0.3182,0.3119,0.3194,0.010229695,3.202785014,kinetic
1113,BSA,0.4,0.309,0.295,3,0.3025,0.3121,0.3027,0.296,0.303325,0.006626399,2.184587233,kinetic
1113,BSA,0.3,0.24,0.229,3,0.305,0.2966,0.2903,0.2925,0.2961,0.006482284,2.189221056,kinetic
1113,BSA,0.2,0.15,0.137,3,0.2796,0.281,0.2695,0.2673,0.27435,0.006952458,2.534156223,kinetic
1114,BSA,0.9,0.483,0.502,1,0.3881,0.3664,0.3751,0.3761,0.376425,0.008919408,2.369504597,kinetic
1114,BSA,0.8,0.478,0.462,1,0.3585,0.3544,0.3618,0.3771,0.36295,0.009907068,2.729595863,kinetic
1114,BSA,0.7,0.451,0.427,1,0.3785,0.3934,0.3806,0.3751,0.3819,0.007994581,2.093370384,kinetic
1114,BSA,0.6,0.425,0.384,1,0.3312,0.3372,0.3396,0.3508,0.3397,0.0082,2.413894613,kinetic
1114,BSA,0.5,0.337,0.296,1,0.3371,0.3262,0.3373,0.3314,0.333,0.005294651,1.589985402,kinetic
1114,BSA,0.4,0.248,0.251,1,0.3089,0.3006,0.3111,0.2938,0.3036,0.007945229,2.617005658,kinetic
1114,BSA,0.3,0.162,0.177,1,0.3331,0.3215,0.3448,0.3684,0.34195,0.020035385,5.859156416,kinetic
1114,BSA,0.2,0.097,0.099,1,0.2723,0.2712,0.2687,0.2842,0.2741,0.006899758,2.517241317,kinetic
1114,BSA,0.9,0.483,0.502,2,0.3921,0.3709,0.3799,0.3787,0.3804,0.008761278,2.303175196,kinetic
1114,BSA,0.8,0.478,0.462,2,0.363,0.3645,0.3706,0.3872,0.371325,0.01108193,2.984428664,kinetic
1114,BSA,0.7,0.451,0.427,2,0.3901,0.4,0.3876,0.3808,0.389625,0.00795503,2.041714432,kinetic
1114,BSA,0.6,0.425,0.384,2,0.3428,0.3455,0.3493,0.3619,0.349875,0.008448422,2.414697233,kinetic
1114,BSA,0.5,0.337,0.296,2,0.3491,0.3331,0.3429,0.3362,0.340325,0.007137868,2.09736825,kinetic
1114,BSA,0.4,0.248,0.251,2,0.3154,0.3041,0.3129,0.2979,0.307575,0.008067786,2.623030394,kinetic
1114,BSA,0.3,0.162,0.177,2,0.3371,0.326,0.3499,0.3717,0.346175,0.019619612,5.6675415,kinetic
1114,BSA,0.2,0.097,0.099,2,0.272,0.2719,0.2731,0.2855,0.275625,0.006605742,2.396641252,kinetic
1114,BSA,0.9,0.483,0.502,3,0.3897,0.3683,0.3783,0.3781,0.3786,0.008749095,2.310907341,kinetic
1114,BSA,0.8,0.478,0.462,3,0.361,0.3551,0.3659,0.3787,0.365175,0.010039713,2.749288098,kinetic
1114,BSA,0.7,0.451,0.427,3,0.3841,0.3955,0.381,0.3772,0.38445,0.007888599,2.051918161,kinetic
1114,BSA,0.6,0.425,0.384,3,0.3404,0.3359,0.3453,0.3545,0.344025,0.007968846,2.31635654,kinetic
1114,BSA,0.5,0.337,0.296,3,0.3436,0.3287,0.3388,0.3341,0.3363,0.0063807,1.897323838,kinetic
1114,BSA,0.4,0.248,0.251,3,0.3081,0.3043,0.3101,0.2965,0.30475,0.006003055,1.969829295,kinetic
1114,BSA,0.3,0.162,0.177,3,0.3365,0.3259,0.3483,0.3731,0.34595,0.020280943,5.862391512,kinetic
1114,BSA,0.2,0.097,0.099,3,0.2725,0.2716,0.2724,0.2833,0.27495,0.005581219,2.029903075,kinetic
1115,BSA,0.9,0.606,0.6,1,0.379,0.3798,0.3799,0.3812,0.379975,0.000910586,0.239643632,kinetic
1115,BSA,0.8,0.533,0.531,1,0.3584,0.3536,0.362,0.3666,0.36015,0.005507268,1.529159496,kinetic
1115,BSA,0.7,0.461,0.44,1,0.3445,0.3563,0.3427,0.3475,0.34775,0.00603407,1.735174676,kinetic
1115,BSA,0.6,0.402,0.385,1,0.3284,0.3274,0.3288,0.3321,0.329175,0.00203695,0.618804689,kinetic
1115,BSA,0.5,0.334,0.324,1,0.3116,0.308,0.3091,0.3105,0.3098,0.001576917,0.50901124,kinetic
1115,BSA,0.4,0.259,0.242,1,0.2932,0.2925,0.2905,0.291,0.2918,0.001262273,0.432581591,kinetic
1115,BSA,0.3,0.216,0.203,1,0.284,0.2807,0.2777,0.2727,0.278775,0.004798177,1.721164644,kinetic
1115,BSA,0.2,0.145,0.136,1,0.261,0.2601,0.2588,0.2638,0.260925,0.002118765,0.812020835,kinetic
1115,BSA,0.9,0.606,0.6,2,0.3858,0.3897,0.391,0.3941,0.39015,0.003437538,0.881081092,kinetic
1115,BSA,0.8,0.533,0.531,2,0.3682,0.3673,0.3693,0.378,0.3707,0.00493491,1.331240803,kinetic
1115,BSA,0.7,0.461,0.44,2,0.3558,0.355,0.3538,0.3564,0.35525,0.001123981,0.316391561,kinetic
1115,BSA,0.6,0.402,0.385,2,0.3371,0.335,0.3397,0.3389,0.337675,0.00208866,0.618541455,kinetic
1115,BSA,0.5,0.334,0.324,2,0.3207,0.315,0.3153,0.3159,0.316725,0.002676285,0.844986893,kinetic
1115,BSA,0.4,0.259,0.242,2,0.2994,0.2973,0.2962,0.2985,0.29785,0.001396424,0.46883465,kinetic
1115,BSA,0.3,0.216,0.203,2,0.2899,0.287,0.2825,0.281,0.2851,0.004091455,1.435094531,kinetic
1115,BSA,0.2,0.145,0.136,2,0.265,0.2639,0.2602,0.2686,0.264425,0.003458685,1.308002164,kinetic
1115,BSA,0.9,0.606,0.6,3,0.3839,0.3829,0.3865,0.3876,0.385225,0.002192981,0.569272822,kinetic
1115,BSA,0.8,0.533,0.531,3,0.3612,0.3604,0.3666,0.3727,0.365225,0.00569349,1.558899428,kinetic
1115,BSA,0.7,0.461,0.44,3,0.3513,0.3539,0.3456,0.3528,0.3509,0.003690528,1.051732236,kinetic
1115,BSA,0.6,0.402,0.385,3,0.3345,0.3336,0.336,0.3344,0.334625,0.001001249,0.299215307,kinetic
1115,BSA,0.5,0.334,0.324,3,0.3188,0.3135,0.3122,0.3136,0.314525,0.002920474,0.928534681,kinetic
1115,BSA,0.4,0.259,0.242,3,0.2973,0.2964,0.2952,0.2964,0.296325,0.000861684,0.290790314,kinetic
1115,BSA,0.3,0.216,0.203,3,0.286,0.2843,0.2812,0.2796,0.282775,0.002903303,1.026718316,kinetic
1115,BSA,0.2,0.145,0.136,3,0.2645,0.2617,0.2586,0.2675,0.263075,0.00380909,1.447910294,kinetic