Date,Time,Temperature(¡C),MEDIA,CELL_1_1,CELL_1_2,CELL_1_3,CELL_1_4,MEDIA,BSA,BSA_09_1,BSA_09_2,BSA_09_3,BSA_09_4,BSA,MEDIA,CELL_08_1,CELL_08_2,CELL_08_3,CELL_08_4,MEDIA,BSA,BSA_08_1,BSA_08_2,BSA_08_3,BSA_08_4,BSA,MEDIA,CELL_06_1,CELL_06_2,CELL_06_3,CELL_06_4,MEDIA,BSA,BSA_07_1,BSA_07_2,BSA_07_3,BSA_07_4,BSA,MEDIA,CELL_04_1,CELL_04_2,CELL_04_3,CELL_04_4,MEDIA,BSA,BSA_06_1,BSA_06_2,BSA_06_3,BSA_06_4,BSA,MEDIA,CELL_02_1,CELL_02_2,CELL_02_3,CELL_02_4,MEDIA,BSA,BSA_05_1,BSA_05_2,BSA_05_3,BSA_05_4,BSA,MEDIA,CELL_01_1,CELL_01_2,CELL_01_3,CELL_01_4,MEDIA,BSA,BSA_04_1,BSA_04_2,BSA_04_3,BSA_04_4,BSA,MEDIA,CELL_005_1,CELL_005_2,CELL_005_3,CELL_005_4,MEDIA,BSA,BSA_03_1,BSA_03_2,BSA_03_3,BSA_03_4,BSA,MEDIA,CELL_0025_1,CELL_0025_2,CELL_0025_3,CELL_0025_4,MEDIA,BSA,BSA_02_1,BSA_02_2,BSA_02_3,BSA_02_4,BSA
1112,0,30,0.096,0.4713,0.4752,0.4874,0.4878,0.0965,0.2137,0.3725,0.3716,0.3666,0.3824,0.2282,0.0897,0.4264,0.4418,0.4164,0.4205,0.0904,0.1993,0.3493,0.3505,0.3525,0.3414,0.214,0.086,0.3715,0.3414,0.3523,0.3358,0.0941,0.2048,0.3471,0.3423,0.3447,0.3378,0.2198,0.0882,0.2751,0.2554,0.2773,0.2431,0.0933,0.215,0.3344,0.3274,0.3342,0.3344,0.208,0.0883,0.1829,0.1745,0.1814,0.1588,0.0941,0.2102,0.3326,0.314,0.3186,0.3165,0.2106,0.0893,0.1315,0.1279,0.1346,0.1285,0.0929,0.194,0.3043,0.3034,0.3115,0.3003,0.2116,0.0859,0.1084,0.1079,0.1081,0.1082,0.0899,0.1939,0.2704,0.2751,0.2684,0.2671,0.2119,0.0864,0.099,0.096,0.0944,0.0959,0.0922,0.2222,0.2464,0.251,0.2475,0.2644,0.2324
1112,0.5,30,0.0949,0.5859,0.5469,0.5085,0.6072,0.0949,0.2149,0.3707,0.3722,0.3685,0.3764,0.2309,0.0889,0.5117,0.497,0.5127,0.5711,0.0892,0.2005,0.3518,0.3474,0.3481,0.3425,0.2166,0.0858,0.4724,0.4301,0.3895,0.4484,0.0927,0.208,0.3451,0.3392,0.3484,0.3388,0.222,0.0876,0.3626,0.3341,0.3112,0.2793,0.0922,0.2178,0.3342,0.3215,0.3314,0.3408,0.211,0.0879,0.2522,0.2276,0.2349,0.2142,0.0927,0.2134,0.3301,0.3108,0.3154,0.3238,0.2139,0.0884,0.1615,0.1355,0.1663,0.1371,0.0912,0.1971,0.3074,0.3053,0.3112,0.2986,0.216,0.0855,0.1151,0.1204,0.1231,0.1164,0.0892,0.1955,0.2674,0.2735,0.2695,0.2709,0.2164,0.0867,0.1015,0.1035,0.0995,0.102,0.0899,0.2256,0.2441,0.2501,0.2492,0.266,0.2364
1112,1,30,0.0945,0.6239,0.6184,0.6099,0.6594,0.0943,0.2149,0.3653,0.3649,0.3651,0.3731,0.2304,0.0888,0.5521,0.5781,0.5561,0.6014,0.089,0.1996,0.3433,0.3466,0.348,0.3394,0.2157,0.0858,0.5204,0.4892,0.4702,0.4936,0.0928,0.2067,0.3425,0.3393,0.3385,0.3373,0.2212,0.0875,0.398,0.3753,0.3598,0.3281,0.0919,0.217,0.3334,0.3193,0.3344,0.3323,0.2103,0.0875,0.2698,0.2393,0.2468,0.2171,0.0926,0.2116,0.324,0.3049,0.3167,0.3049,0.2132,0.0878,0.1867,0.1418,0.1767,0.1532,0.0906,0.1961,0.3015,0.3002,0.3164,0.2998,0.2154,0.0852,0.1234,0.1262,0.1277,0.1171,0.0889,0.1945,0.2683,0.2742,0.2674,0.2677,0.215,0.0864,0.1063,0.1083,0.103,0.1026,0.0896,0.2245,0.2406,0.25,0.2481,0.2636,0.2353
1112,1.5,30,0.0944,0.6948,0.6793,0.6938,0.7398,0.0936,0.2129,0.3602,0.3601,0.3631,0.3756,0.2289,0.0884,0.6341,0.6661,0.6437,0.6898,0.0888,0.198,0.3392,0.3455,0.3447,0.3393,0.2147,0.0857,0.5998,0.5726,0.5574,0.5688,0.0925,0.2056,0.3442,0.34,0.3424,0.3311,0.2199,0.0874,0.4625,0.4477,0.4256,0.3827,0.0917,0.2151,0.3278,0.319,0.3294,0.3308,0.2087,0.0874,0.3041,0.2769,0.2693,0.2407,0.0922,0.2099,0.3249,0.3037,0.3186,0.3082,0.211,0.0879,0.2097,0.1616,0.1931,0.1758,0.0903,0.1947,0.3023,0.3034,0.3086,0.2954,0.2138,0.0852,0.1326,0.1457,0.1389,0.1241,0.0884,0.1934,0.2637,0.2701,0.2646,0.2668,0.2137,0.0864,0.114,0.1176,0.1083,0.1062,0.0892,0.223,0.2383,0.2469,0.2448,0.2611,0.2339
1112,2,30,0.0944,0.7699,0.7571,0.7607,0.8162,0.0937,0.2121,0.3534,0.3567,0.3602,0.3692,0.2275,0.0886,0.7104,0.7419,0.7243,0.7714,0.0888,0.1965,0.3343,0.3426,0.3443,0.3325,0.2133,0.0857,0.6782,0.6577,0.6387,0.6571,0.0921,0.2039,0.3397,0.3366,0.3314,0.3306,0.2188,0.0871,0.5382,0.5242,0.4969,0.4566,0.0913,0.2134,0.3255,0.3243,0.3228,0.3335,0.2074,0.0874,0.3605,0.3232,0.3155,0.2872,0.0921,0.2084,0.3232,0.3016,0.3114,0.3089,0.2101,0.0879,0.2352,0.1852,0.2188,0.202,0.0901,0.1934,0.291,0.3034,0.3056,0.2949,0.2125,0.0853,0.1478,0.1637,0.1531,0.1345,0.0884,0.1917,0.2587,0.2669,0.262,0.2647,0.2123,0.0862,0.123,0.1316,0.1151,0.1138,0.089,0.2216,0.239,0.2446,0.2429,0.2597,0.2323
1112,2.5,30,0.0945,0.8379,0.8237,0.8266,0.8819,0.0934,0.21,0.3607,0.3577,0.3561,0.3618,0.2262,0.0884,0.7915,0.8163,0.8079,0.8522,0.0886,0.1953,0.3334,0.3424,0.3401,0.3303,0.2122,0.0857,0.7534,0.7344,0.7116,0.7357,0.092,0.2027,0.3319,0.3286,0.33,0.324,0.2173,0.0871,0.6111,0.5989,0.5708,0.5311,0.0909,0.2122,0.3261,0.3121,0.3192,0.3224,0.2065,0.0872,0.4196,0.381,0.3725,0.3409,0.0921,0.207,0.3201,0.3008,0.3113,0.3057,0.209,0.0877,0.2691,0.2097,0.2507,0.2292,0.0897,0.1923,0.2946,0.2976,0.3053,0.2887,0.2113,0.085,0.1653,0.1835,0.1718,0.1487,0.0883,0.1903,0.2592,0.2674,0.2607,0.2621,0.2112,0.0863,0.1335,0.1475,0.1244,0.1226,0.0889,0.2205,0.2364,0.2445,0.241,0.2594,0.2308
1112,3,30,0.0942,0.8988,0.8826,0.9016,0.9246,0.0931,0.209,0.3612,0.3501,0.3477,0.363,0.2251,0.0884,0.8631,0.8853,0.8805,0.9158,0.0885,0.1939,0.3358,0.3393,0.3373,0.3323,0.211,0.0856,0.8336,0.8188,0.7881,0.822,0.0922,0.2014,0.3315,0.3272,0.3321,0.3161,0.2164,0.0871,0.6888,0.6759,0.6413,0.6069,0.0908,0.2109,0.3175,0.3074,0.3241,0.3203,0.2053,0.0871,0.4859,0.4496,0.4355,0.4014,0.0918,0.2059,0.3231,0.3031,0.3116,0.3006,0.2078,0.0876,0.3157,0.2422,0.2945,0.2665,0.0893,0.1909,0.2949,0.2921,0.3047,0.2837,0.2102,0.085,0.1848,0.2085,0.1935,0.1654,0.0881,0.1892,0.2555,0.2672,0.2646,0.261,0.21,0.0859,0.1469,0.1664,0.1366,0.1344,0.0887,0.2192,0.2344,0.2417,0.2408,0.258,0.2298
1112,3.5,30,0.0943,0.9544,0.9344,0.9566,0.9733,0.0936,0.2081,0.3622,0.3557,0.3526,0.3609,0.2242,0.0882,0.9175,0.9368,0.9363,0.9743,0.0886,0.1931,0.333,0.3464,0.333,0.3335,0.21,0.0856,0.8993,0.8816,0.8633,0.8948,0.0923,0.2005,0.3413,0.3232,0.335,0.3152,0.2154,0.0868,0.7646,0.7519,0.7234,0.6879,0.0904,0.2096,0.3179,0.3093,0.319,0.3187,0.2043,0.0869,0.559,0.5196,0.5028,0.4687,0.0916,0.2045,0.3142,0.3067,0.3098,0.2996,0.2071,0.0876,0.3691,0.2825,0.3459,0.3148,0.0893,0.1902,0.2925,0.288,0.3002,0.2851,0.2092,0.0849,0.2106,0.2385,0.2212,0.1871,0.0881,0.1882,0.2535,0.2627,0.2597,0.26,0.2089,0.0858,0.1632,0.187,0.1512,0.15,0.0887,0.2181,0.2351,0.2409,0.2395,0.2568,0.2284
1112,4,30,0.0948,0.9885,0.9694,0.9964,1.0026,0.0937,0.2071,0.3605,0.3512,0.3606,0.3635,0.2233,0.0885,0.9686,0.9825,0.9811,1.0202,0.0888,0.1917,0.3373,0.3517,0.3465,0.3362,0.2094,0.0856,0.9566,0.948,0.9221,0.961,0.092,0.1993,0.3248,0.3237,0.3329,0.3343,0.2145,0.0871,0.8332,0.8358,0.7869,0.765,0.0906,0.2087,0.3161,0.3199,0.3182,0.3212,0.2035,0.0868,0.6356,0.5952,0.5757,0.544,0.0918,0.2032,0.3278,0.2932,0.3011,0.2966,0.2063,0.0876,0.4282,0.332,0.4059,0.3688,0.0892,0.1889,0.2891,0.2955,0.2965,0.283,0.2083,0.085,0.2417,0.2783,0.2549,0.2153,0.0885,0.187,0.2537,0.2658,0.2577,0.2601,0.2082,0.0856,0.1847,0.2136,0.1708,0.1694,0.0886,0.2171,0.2335,0.2408,0.236,0.2544,0.2274
1112,4.5,30,0.0949,0.9913,0.9758,1.0035,1.0083,0.0931,0.2054,0.3557,0.3469,0.3826,0.3555,0.2223,0.0884,0.9968,1.0056,1.0007,1.0407,0.0888,0.1907,0.3476,0.3521,0.344,0.3372,0.2085,0.0859,1.0016,0.9997,0.973,1.0155,0.0918,0.1981,0.325,0.3201,0.3219,0.3145,0.2134,0.0871,0.8997,0.9062,0.856,0.8385,0.0906,0.2074,0.3123,0.3075,0.3179,0.3179,0.2024,0.0871,0.7098,0.6693,0.652,0.6169,0.0919,0.2021,0.3124,0.295,0.3076,0.3049,0.2052,0.0876,0.497,0.3918,0.4725,0.4339,0.0891,0.188,0.2838,0.2894,0.2986,0.2863,0.2073,0.085,0.28,0.327,0.2993,0.2502,0.0883,0.1857,0.2534,0.26,0.2572,0.2553,0.207,0.0853,0.2103,0.2493,0.1952,0.1939,0.0886,0.2158,0.2302,0.239,0.2366,0.2532,0.2261
1112,5,30,0.0948,0.9924,0.9795,1.0061,1.0075,0.093,0.2045,0.3732,0.3391,0.3498,0.3582,0.2214,0.0885,0.9951,1.0093,1.0017,1.042,0.0887,0.1895,0.3447,0.3453,0.3661,0.3346,0.2073,0.0858,1.0241,1.0276,0.9992,1.0424,0.0921,0.1972,0.3325,0.3327,0.319,0.3167,0.2124,0.0872,0.9566,0.9711,0.916,0.9035,0.0902,0.2064,0.3087,0.3208,0.3301,0.3095,0.2013,0.0869,0.7954,0.7526,0.7375,0.6951,0.0917,0.2009,0.3091,0.2875,0.303,0.2989,0.2039,0.0875,0.5679,0.4593,0.5451,0.5047,0.089,0.187,0.2883,0.2899,0.2942,0.2825,0.2061,0.0849,0.3282,0.3842,0.3538,0.2954,0.0881,0.1848,0.2488,0.2569,0.2566,0.2559,0.2061,0.0852,0.2424,0.2908,0.2264,0.2226,0.0882,0.2147,0.2327,0.2379,0.2337,0.2525,0.2252
1112,5.5,30,0.0948,0.9934,0.9811,1.0063,1.0087,0.093,0.2038,0.3809,0.3446,0.3909,0.3965,0.2203,0.0882,0.9933,1.0112,1.0024,1.042,0.0888,0.1885,0.3412,0.3316,0.3468,0.3257,0.2069,0.0855,1.0297,1.0279,1.0028,1.0449,0.0916,0.196,0.3379,0.3394,0.3206,0.3217,0.2117,0.0869,1.0137,1.0126,0.9683,0.9504,0.0901,0.2055,0.3085,0.3143,0.3269,0.3082,0.2003,0.0868,0.8657,0.8299,0.8199,0.7666,0.0916,0.1999,0.3087,0.2905,0.2975,0.2994,0.2032,0.0872,0.6409,0.5325,0.6232,0.5809,0.0889,0.1859,0.2874,0.2909,0.2925,0.2809,0.2054,0.0847,0.3886,0.4482,0.416,0.3474,0.088,0.184,0.2467,0.2584,0.2528,0.2525,0.2051,0.0851,0.2826,0.3455,0.2644,0.2613,0.088,0.2139,0.2291,0.2346,0.2334,0.2493,0.2241
1112,6,30,0.095,0.9954,0.9839,1.0083,1.0104,0.0928,0.2023,0.3918,0.3682,0.3912,0.4071,0.2197,0.0883,0.9951,1.0122,1.0059,1.0435,0.0886,0.1874,0.3239,0.3319,0.3265,0.35,0.2058,0.0857,1.0299,1.028,1.0037,1.024,0.0917,0.1951,0.3269,0.331,0.3348,0.313,0.2107,0.0871,1.0298,1.0323,0.9892,0.9795,0.0904,0.2044,0.3192,0.3259,0.3191,0.3131,0.1996,0.0867,0.9355,0.8988,0.8814,0.837,0.0917,0.1988,0.3038,0.2898,0.2985,0.307,0.2022,0.0872,0.7143,0.611,0.6976,0.6571,0.0889,0.1854,0.2823,0.2802,0.2877,0.2828,0.2047,0.0849,0.452,0.5214,0.4844,0.4076,0.0881,0.1861,0.2499,0.2627,0.2525,0.2495,0.2045,0.0852,0.333,0.4047,0.3114,0.3076,0.0879,0.213,0.229,0.2358,0.2329,0.2481,0.2232
1112,6.5,30,0.0951,0.9968,0.986,1.0089,1.0117,0.0931,0.2013,0.4291,0.4077,0.4252,0.3649,0.2185,0.0882,0.996,1.0151,1.0085,1.0462,0.0887,0.1866,0.3234,0.347,0.3775,0.3337,0.2048,0.0857,1.0309,1.0303,1.0071,1.0271,0.0918,0.194,0.3227,0.3203,0.318,0.3146,0.2094,0.087,1.0325,1.0258,0.9907,0.9848,0.0905,0.2035,0.3194,0.3316,0.3118,0.3277,0.1987,0.0868,0.9965,0.9462,0.9308,0.9019,0.0916,0.1977,0.3143,0.2935,0.2923,0.2985,0.2011,0.0873,0.7964,0.6978,0.7803,0.7417,0.0888,0.1842,0.2832,0.2785,0.285,0.2755,0.2033,0.0849,0.5231,0.5924,0.562,0.4772,0.088,0.1854,0.2458,0.2563,0.2488,0.2515,0.2033,0.0851,0.3934,0.474,0.366,0.3621,0.0877,0.2117,0.2278,0.2334,0.2313,0.2486,0.2219
1112,7,30,0.095,0.9973,0.9865,1.0098,1.0133,0.0927,0.2001,0.4196,0.4559,0.5003,0.4583,0.2176,0.0882,0.9976,1.0173,1.0111,1.0479,0.0887,0.1854,0.3499,0.3975,0.4011,0.3079,0.2038,0.0855,1.0323,1.032,1.0103,1.0307,0.0913,0.1929,0.3018,0.3034,0.3379,0.3138,0.2083,0.0869,1.0325,1.0238,0.992,0.9846,0.0904,0.2023,0.3149,0.3117,0.3023,0.3276,0.1978,0.0865,1.0355,0.9828,0.9789,0.9507,0.0915,0.1965,0.3147,0.2886,0.2961,0.3118,0.1998,0.0872,0.8676,0.7771,0.8487,0.8192,0.0889,0.1832,0.2725,0.2889,0.2852,0.2711,0.2025,0.0847,0.5991,0.6682,0.6383,0.5502,0.0877,0.181,0.2496,0.2549,0.2504,0.2489,0.2021,0.0846,0.4613,0.5472,0.4293,0.4262,0.0876,0.2107,0.2271,0.2316,0.2292,0.2483,0.2208
1112,7.5,30,0.0954,0.9983,0.9877,1.0091,1.0146,0.0925,0.1993,0.5216,0.3423,0.4712,0.3612,0.2166,0.0881,0.9995,1.0207,1.014,1.0497,0.0889,0.1845,0.3406,0.3246,0.3425,0.3183,0.2031,0.0856,1.0356,1.0349,1.0121,1.0343,0.0919,0.1918,0.3107,0.3161,0.3363,0.314,0.2078,0.0866,1.0324,1.0253,0.9956,0.9848,0.0905,0.2013,0.3139,0.3341,0.3219,0.312,0.1965,0.0867,1.05,0.9996,1.0004,0.9712,0.0916,0.1953,0.3167,0.2939,0.2926,0.3048,0.1991,0.0872,0.9195,0.8475,0.908,0.8927,0.0888,0.1823,0.2732,0.2859,0.2866,0.2756,0.2016,0.0848,0.6809,0.7498,0.7165,0.6302,0.0878,0.1801,0.2466,0.2552,0.2473,0.246,0.2013,0.0845,0.5353,0.6212,0.4993,0.4983,0.0875,0.2097,0.2252,0.2314,0.2297,0.2473,0.2197
1112,8,30,0.0953,0.9992,0.9894,1.0097,1.0157,0.0923,0.1982,0.4136,0.3675,0.3799,0.3374,0.2163,0.0885,1.0013,1.0226,1.0158,1.0518,0.0888,0.1836,0.3527,0.3438,0.3041,0.3186,0.2022,0.0856,1.0383,1.0383,1.0139,1.0371,0.0914,0.1909,0.3145,0.3211,0.3173,0.322,0.207,0.0867,1.0326,1.0269,0.9992,0.9857,0.0905,0.2005,0.3155,0.3075,0.3193,0.3185,0.196,0.0864,1.0412,1.0003,1.0022,0.973,0.0917,0.1944,0.3126,0.2821,0.2842,0.2913,0.1983,0.0873,0.9728,0.9162,0.9658,0.9536,0.0886,0.1815,0.2814,0.2721,0.2807,0.2741,0.2008,0.0845,0.7748,0.8078,0.7984,0.7064,0.0877,0.1792,0.2423,0.2529,0.2486,0.2432,0.2004,0.0843,0.6142,0.6968,0.5739,0.5761,0.0876,0.2087,0.2258,0.2301,0.2271,0.2447,0.219
1112,8.5,30,0.0955,1.001,0.9906,1.0098,1.0173,0.0924,0.1973,0.4076,0.3193,0.3903,0.3518,0.2153,0.0881,1.0032,1.0241,1.0181,1.0536,0.0886,0.1827,0.3215,0.3083,0.3481,0.3405,0.2013,0.0855,1.0401,1.0403,1.0167,1.0397,0.092,0.19,0.3072,0.334,0.3345,0.3255,0.2062,0.0869,1.0332,1.027,1.0019,0.9879,0.0901,0.1996,0.3007,0.305,0.3028,0.309,0.195,0.0863,1.0439,1.0031,1.0054,0.9755,0.0915,0.1934,0.3168,0.3002,0.2868,0.304,0.1975,0.0872,1.0128,0.9682,1.0054,0.9903,0.0885,0.1804,0.2734,0.273,0.2792,0.2759,0.1998,0.0844,0.8373,0.8837,0.8603,0.7928,0.0876,0.1783,0.2429,0.2496,0.2476,0.2434,0.1994,0.0839,0.6995,0.7709,0.6531,0.6578,0.0877,0.2079,0.2216,0.2308,0.2267,0.2446,0.2175
1112,9,30,0.0955,1.0018,0.991,1.0093,1.0176,0.0925,0.1958,0.3681,0.3168,0.5889,0.3412,0.2145,0.0882,1.0052,1.0269,1.0203,1.0543,0.0885,0.1811,0.351,0.3532,0.3309,0.3161,0.2005,0.0854,1.0438,1.0422,1.0182,1.0414,0.0918,0.1888,0.3297,0.3244,0.3362,0.3238,0.205,0.0865,1.0339,1.0283,1.0035,0.9905,0.0902,0.1987,0.2998,0.2983,0.2916,0.308,0.1939,0.0861,1.0464,1.006,1.008,0.9786,0.0915,0.1924,0.3079,0.2916,0.2852,0.2882,0.1962,0.0872,1.0261,0.9854,1.0153,1.0035,0.0883,0.1795,0.2687,0.2754,0.2818,0.2673,0.1987,0.0842,0.9175,0.9331,0.9377,0.8675,0.0876,0.1771,0.2486,0.2472,0.2455,0.2445,0.1984,0.0839,0.7785,0.845,0.7334,0.7399,0.0874,0.2068,0.2222,0.2266,0.2239,0.2412,0.2169
1112,9.5,30,0.0953,1.0022,0.9922,1.0035,1.0188,0.0925,0.195,0.3354,0.3372,0.3938,0.3901,0.2136,0.0879,1.0073,1.0287,1.0224,1.0554,0.0887,0.1804,0.326,0.3172,0.3458,0.3149,0.1996,0.0853,1.0446,1.0437,1.0199,1.0435,0.0922,0.1881,0.3373,0.3058,0.3309,0.3076,0.2044,0.0865,1.0345,1.0295,1.0059,0.992,0.0899,0.1975,0.3237,0.3081,0.2901,0.309,0.1935,0.0862,1.0471,1.0094,1.0123,0.9825,0.0914,0.1914,0.2884,0.2824,0.2859,0.2833,0.1955,0.0873,1.0303,0.9857,1.0185,1.0068,0.0884,0.1786,0.2682,0.2774,0.2779,0.2733,0.1978,0.0842,0.9729,0.9843,0.9917,0.9325,0.0878,0.1761,0.2443,0.2471,0.2389,0.2451,0.1974,0.0839,0.8582,0.9047,0.8107,0.8217,0.0876,0.2059,0.221,0.2284,0.2244,0.2409,0.2158
1112,10,30,0.0957,1.0024,0.9933,1.004,1.0204,0.0919,0.194,0.3208,0.3004,0.3261,0.3617,0.2127,0.088,1.009,1.0293,1.0237,1.0557,0.0886,0.1795,0.3087,0.3133,0.3011,0.3329,0.1986,0.0851,1.0471,1.0462,1.0213,1.0455,0.0922,0.187,0.2861,0.3344,0.3134,0.279,0.2034,0.0865,1.0355,1.0305,1.0077,0.9934,0.0896,0.1968,0.3406,0.2816,0.317,0.3064,0.1923,0.0859,1.048,1.0121,1.0146,0.9846,0.0913,0.1907,0.3001,0.2854,0.2849,0.2807,0.1945,0.087,1.0341,0.9881,1.022,1.0106,0.0882,0.1776,0.263,0.272,0.2839,0.269,0.197,0.084,1.009,1.0211,1.0303,0.9759,0.0875,0.1752,0.2388,0.2429,0.2411,0.2374,0.1967,0.0836,0.9237,0.9686,0.8886,0.8971,0.0876,0.2049,0.2197,0.228,0.2222,0.2393,0.2147
1112,10.5,30,0.0955,1.0026,0.9942,1.0055,1.0219,0.0919,0.1934,0.3558,0.2988,0.3217,0.3817,0.2123,0.0878,1.0109,1.0316,1.0258,1.0574,0.0885,0.1786,0.2967,0.3167,0.3166,0.3106,0.1982,0.0853,1.048,1.0474,1.024,1.0481,0.0923,0.1864,0.2902,0.3022,0.3589,0.2773,0.2029,0.0866,1.0369,1.0322,1.0098,0.9956,0.0901,0.196,0.3041,0.2805,0.2883,0.2912,0.1916,0.086,1.049,1.0147,1.0181,0.9871,0.0913,0.1897,0.3054,0.2739,0.2733,0.2854,0.1935,0.0869,1.0356,0.992,1.0264,1.0148,0.088,0.1769,0.2641,0.2645,0.2775,0.2776,0.1963,0.0841,1.0198,1.0316,1.0293,0.9885,0.0877,0.1744,0.2376,0.2478,0.2383,0.2371,0.1959,0.0835,0.9907,1.0277,0.9623,0.9702,0.0876,0.2038,0.2189,0.2254,0.2203,0.2418,0.214
1112,11,30,0.096,1.0041,0.9951,1.0067,1.0229,0.0918,0.1923,0.3575,0.3036,0.3062,0.3389,0.2113,0.088,1.0126,1.035,1.028,1.0578,0.0886,0.1782,0.3452,0.3255,0.3328,0.3185,0.1971,0.0853,1.0508,1.0486,1.0254,1.0495,0.0919,0.1853,0.2929,0.2935,0.2892,0.272,0.202,0.0866,1.0384,1.0333,1.0116,0.9969,0.0898,0.195,0.2839,0.2966,0.278,0.3024,0.1906,0.0859,1.0514,1.0178,1.02,0.9895,0.0912,0.1887,0.2937,0.2761,0.2677,0.282,0.1929,0.0869,1.0358,0.9961,1.0299,1.0187,0.0881,0.1759,0.2615,0.2684,0.2845,0.2574,0.1954,0.0842,1.0275,1.031,1.0326,0.9906,0.0876,0.1734,0.2339,0.2422,0.2381,0.2352,0.195,0.0833,1.048,1.0784,1.0216,1.0324,0.0875,0.203,0.219,0.2244,0.221,0.2415,0.2129
1112,11.5,30,0.0958,1.0036,0.9964,1.0075,1.0232,0.0915,0.191,0.3243,0.3055,0.3067,0.3015,0.2103,0.0877,1.0141,1.0355,1.0295,1.0595,0.0883,0.1768,0.2964,0.2867,0.2992,0.2848,0.1966,0.085,1.053,1.0501,1.0275,1.0522,0.0917,0.1843,0.3108,0.2971,0.3035,0.3036,0.2008,0.0865,1.0407,1.0348,1.0127,0.9979,0.0895,0.1941,0.3023,0.3258,0.2747,0.3185,0.1896,0.0859,1.0527,1.0202,1.0225,0.9921,0.0912,0.1876,0.2891,0.2764,0.271,0.3131,0.1918,0.0867,1.0364,1.0007,1.0325,1.0219,0.088,0.175,0.26,0.2566,0.282,0.266,0.1945,0.0841,1.0295,1.0341,1.0378,0.9918,0.0876,0.1721,0.2312,0.2392,0.2363,0.235,0.1938,0.0832,1.081,1.11,1.0529,1.0659,0.0872,0.2018,0.2177,0.2226,0.2185,0.2378,0.2119
1112,12,30,0.0958,1.0032,0.9972,1.008,1.025,0.0916,0.1904,0.3192,0.292,0.3355,0.3079,0.2097,0.0878,1.0155,1.0378,1.0304,1.06,0.0883,0.1758,0.3045,0.3146,0.298,0.2973,0.1956,0.0849,1.0543,1.052,1.029,1.0543,0.0915,0.1833,0.3068,0.302,0.3047,0.2763,0.2006,0.0862,1.0415,1.0363,1.0153,0.9999,0.0894,0.193,0.2886,0.3067,0.2877,0.2908,0.1887,0.0856,1.0542,1.0224,1.024,0.9936,0.0909,0.1867,0.2798,0.2636,0.2716,0.2844,0.1909,0.0862,1.0373,1.0028,1.0352,1.0252,0.0877,0.1738,0.2644,0.2574,0.286,0.2614,0.1935,0.0839,1.0329,1.0363,1.0413,0.9947,0.0873,0.1715,0.2319,0.2373,0.2409,0.2317,0.1932,0.083,1.0877,1.1133,1.0588,1.0786,0.0865,0.2011,0.2156,0.2215,0.2187,0.238,0.2108
1112,12.5,30,0.096,1.0035,0.9987,1.0103,1.0268,0.0917,0.1894,0.3351,0.2965,0.2644,0.3179,0.2089,0.0875,1.0168,1.0399,1.0331,1.0606,0.0883,0.1751,0.2803,0.2811,0.2844,0.3206,0.1952,0.085,1.0559,1.0534,1.0308,1.0561,0.0913,0.1825,0.2823,0.273,0.2843,0.2718,0.1992,0.0861,1.0433,1.0388,1.0168,1.0005,0.0891,0.1925,0.2668,0.2706,0.296,0.2839,0.1881,0.0854,1.0554,1.0253,1.0261,0.9957,0.0907,0.1859,0.2964,0.2904,0.3237,0.291,0.1899,0.0861,1.0398,1.0061,1.038,1.0279,0.0876,0.173,0.2522,0.2561,0.2681,0.2603,0.1927,0.0841,1.0352,1.0403,1.0469,0.9995,0.0872,0.1706,0.2298,0.2342,0.2355,0.229,0.1923,0.0829,1.0905,1.1151,1.0626,1.0851,0.0861,0.2001,0.2148,0.2202,0.2169,0.2343,0.21
1112,13,30,0.096,1.0031,1,1.0118,1.0278,0.0909,0.1879,0.3441,0.2897,0.2771,0.3922,0.2081,0.0875,1.0184,1.0406,1.034,1.0618,0.088,0.1742,0.2702,0.286,0.2935,0.2841,0.1941,0.0845,1.0584,1.0551,1.0326,1.0581,0.0907,0.1817,0.352,0.3147,0.3387,0.2896,0.1987,0.0858,1.045,1.0401,1.0191,1.0023,0.0893,0.1915,0.2777,0.2716,0.2756,0.3194,0.1871,0.0853,1.056,1.0271,1.0277,0.9975,0.0906,0.185,0.3218,0.2777,0.2669,0.2665,0.189,0.0854,1.0416,1.0082,1.0405,1.0303,0.0875,0.1718,0.252,0.2616,0.2719,0.2574,0.1918,0.0838,1.0375,1.0427,1.0478,1.0022,0.0871,0.1697,0.2332,0.2334,0.2289,0.2284,0.1913,0.0826,1.0946,1.1169,1.0672,1.0887,0.0853,0.1992,0.2135,0.2197,0.217,0.2344,0.2086
1112,13.5,30,0.0959,1.0043,1.001,1.0135,1.029,0.0911,0.187,0.303,0.2863,0.2654,0.4393,0.2067,0.0873,1.0196,1.0426,1.0359,1.0631,0.088,0.1734,0.2735,0.2811,0.2835,0.3304,0.1935,0.0842,1.0594,1.0566,1.0347,1.06,0.0903,0.1808,0.2769,0.2913,0.2921,0.3063,0.1976,0.0855,1.0455,1.0415,1.0206,1.004,0.0891,0.1903,0.2778,0.2974,0.2667,0.2949,0.1864,0.0851,1.0578,1.0293,1.0302,1.0002,0.0905,0.1839,0.2734,0.2659,0.2704,0.2658,0.188,0.085,1.0435,1.011,1.043,1.033,0.0871,0.171,0.2524,0.2574,0.2705,0.2604,0.1909,0.0836,1.0388,1.0458,1.0509,1.0046,0.0867,0.1685,0.2275,0.2353,0.2324,0.2266,0.1904,0.0824,1.0975,1.1192,1.0701,1.0922,0.0844,0.1981,0.2139,0.2186,0.2154,0.2352,0.2072
1112,14,30,0.0956,1.0052,1.002,1.0163,1.0305,0.0905,0.186,0.3501,0.2835,0.272,0.5636,0.2057,0.0872,1.0218,1.0443,1.0379,1.0637,0.088,0.1726,0.2836,0.3153,0.2915,0.269,0.1924,0.084,1.0614,1.0587,1.0365,1.0628,0.0903,0.18,0.2639,0.2873,0.2781,0.2892,0.1966,0.0855,1.0483,1.0425,1.0224,1.0053,0.089,0.1895,0.2858,0.2911,0.2693,0.297,0.1855,0.085,1.0596,1.0321,1.0319,1.0025,0.0901,0.183,0.2745,0.2686,0.2749,0.2808,0.187,0.0849,1.0453,1.0136,1.0456,1.0363,0.0871,0.1699,0.2535,0.2494,0.2653,0.2576,0.1901,0.0836,1.0413,1.0485,1.0544,1.008,0.0865,0.1675,0.2271,0.231,0.228,0.2276,0.1894,0.082,1.1008,1.1232,1.0727,1.0953,0.0838,0.1971,0.2105,0.2181,0.2141,0.2321,0.206
1112,14.5,30,0.0958,1.0065,1.0028,1.0169,1.0314,0.0903,0.185,0.4146,0.2757,0.2561,0.3741,0.2042,0.0869,1.0228,1.0462,1.0391,1.0656,0.0878,0.1716,0.2855,0.2847,0.2871,0.2625,0.1918,0.0838,1.0628,1.0602,1.0373,1.0648,0.0902,0.1788,0.2589,0.2696,0.2905,0.2817,0.1962,0.0851,1.0515,1.0451,1.0238,1.0072,0.0887,0.1887,0.2669,0.2602,0.2721,0.2646,0.1846,0.0848,1.0606,1.0343,1.0334,1.0051,0.0902,0.182,0.2734,0.2713,0.2673,0.2661,0.1861,0.0845,1.0463,1.0163,1.0481,1.0385,0.0869,0.1688,0.2488,0.2467,0.2557,0.2529,0.1892,0.0834,1.0427,1.0518,1.0568,1.0104,0.0863,0.1664,0.2273,0.229,0.2247,0.2267,0.1885,0.0819,1.1023,1.1263,1.075,1.0972,0.0836,0.1961,0.21,0.2196,0.2117,0.2325,0.2052
1112,15,30,0.0956,1.0071,1.0037,1.0183,1.0334,0.0904,0.1842,0.6128,0.2801,0.3029,0.356,0.2031,0.0867,1.0241,1.048,1.0407,1.0677,0.0878,0.1708,0.2631,0.2707,0.272,0.2654,0.1908,0.0839,1.0649,1.0618,1.0397,1.067,0.0903,0.1781,0.2735,0.274,0.2884,0.2838,0.1954,0.0849,1.0536,1.0468,1.0255,1.0094,0.0889,0.1878,0.2673,0.2729,0.2724,0.3071,0.1838,0.0846,1.0626,1.0354,1.0359,1.0075,0.0902,0.181,0.286,0.263,0.2626,0.2576,0.185,0.0843,1.0481,1.0183,1.05,1.0421,0.0867,0.1681,0.2464,0.2496,0.2519,0.254,0.1884,0.0834,1.0435,1.0539,1.0603,1.0134,0.0863,0.1657,0.2231,0.2256,0.222,0.2269,0.1881,0.0818,1.1058,1.1303,1.0773,1.0998,0.083,0.1952,0.21,0.2139,0.2131,0.2309,0.2042
1112,15.5,30,0.0952,1.0092,1.0048,1.0192,1.0344,0.0901,0.1831,0.6322,0.2739,0.4765,0.4484,0.2024,0.0867,1.0252,1.0501,1.0432,1.0696,0.0875,0.1697,0.2602,0.2956,0.2791,0.276,0.1895,0.0836,1.0667,1.0641,1.0409,1.0689,0.0902,0.1768,0.3098,0.2801,0.2607,0.2833,0.1942,0.0846,1.0541,1.0492,1.0276,1.0099,0.0884,0.1865,0.2902,0.27,0.2574,0.2807,0.1837,0.0844,1.0649,1.0388,1.0371,1.0094,0.0897,0.1798,0.2628,0.2621,0.2662,0.2516,0.184,0.0839,1.0496,1.0206,1.0534,1.0452,0.0861,0.1668,0.2477,0.2504,0.249,0.2444,0.1873,0.0831,1.0475,1.0577,1.063,1.0159,0.0859,0.1644,0.2229,0.2301,0.2254,0.226,0.1866,0.0816,1.1073,1.1322,1.0804,1.1013,0.0821,0.1937,0.2091,0.214,0.2129,0.2276,0.2029
1112,16,30,0.0949,1.0094,1.0061,1.0212,1.0355,0.09,0.1821,0.7146,0.2724,0.4587,0.3004,0.2013,0.0866,1.0271,1.0518,1.0448,1.0743,0.0875,0.1688,0.2597,0.2733,0.3043,0.2608,0.1885,0.0834,1.068,1.0655,1.0431,1.0704,0.0901,0.1759,0.2697,0.269,0.2701,0.2609,0.1934,0.0846,1.0548,1.0513,1.0288,1.0123,0.0884,0.1857,0.2989,0.2505,0.2656,0.2587,0.1822,0.0844,1.0652,1.0407,1.04,1.0121,0.0898,0.179,0.261,0.2533,0.2639,0.2658,0.1828,0.084,1.052,1.0233,1.0559,1.0481,0.0862,0.166,0.2436,0.2425,0.2515,0.2432,0.1866,0.0829,1.0476,1.0601,1.0658,1.0191,0.0858,0.1635,0.2289,0.2263,0.224,0.2211,0.1852,0.0815,1.1097,1.1352,1.0822,1.1044,0.0819,0.1929,0.2057,0.2142,0.2071,0.2274,0.2018
1112,16.5,30,0.0953,1.0102,1.0078,1.0225,1.037,0.0896,0.181,0.6119,0.2652,0.685,0.4933,0.2011,0.0868,1.028,1.0538,1.0463,1.0754,0.0874,0.1683,0.2429,0.2732,0.2599,0.255,0.1877,0.0832,1.0696,1.0675,1.0436,1.0728,0.0904,0.1751,0.2762,0.2535,0.3059,0.2598,0.1929,0.0843,1.0547,1.0532,1.0307,1.0142,0.088,0.1848,0.2739,0.2755,0.2749,0.2709,0.1811,0.0844,1.0677,1.0437,1.0413,1.0143,0.0898,0.1782,0.2576,0.2598,0.2555,0.3274,0.1818,0.084,1.0537,1.0251,1.0591,1.051,0.0861,0.1651,0.2487,0.2406,0.2497,0.2442,0.1857,0.0827,1.051,1.063,1.0689,1.0214,0.0858,0.1626,0.2191,0.2278,0.217,0.2199,0.1843,0.0813,1.1117,1.1368,1.0856,1.1051,0.081,0.1918,0.2058,0.2102,0.2096,0.2273,0.2008
1112,17,30,0.0952,1.0112,1.009,1.0236,1.0387,0.0894,0.1803,0.4748,0.2657,0.34,0.3125,0.1992,0.0863,1.0293,1.0554,1.049,1.074,0.0869,0.1669,0.2479,0.2897,0.2677,0.2835,0.1864,0.0827,1.0716,1.0689,1.0452,1.0749,0.0896,0.1739,0.2586,0.2724,0.2549,0.2977,0.1918,0.0839,1.0555,1.0545,1.0322,1.0162,0.0879,0.1838,0.2991,0.25,0.2622,0.2601,0.18,0.0838,1.0692,1.0459,1.0437,1.0163,0.0894,0.1769,0.2552,0.2596,0.2511,0.2533,0.1806,0.0838,1.0561,1.0271,1.0616,1.0537,0.0857,0.164,0.239,0.2425,0.2464,0.238,0.1844,0.0823,1.0526,1.0664,1.0721,1.0238,0.0853,0.1614,0.2175,0.2191,0.219,0.221,0.1835,0.0809,1.1142,1.1397,1.087,1.1085,0.0802,0.1904,0.2024,0.2095,0.2062,0.2292,0.1995
1112,17.5,30,0.0949,1.0121,1.0107,1.0257,1.0402,0.089,0.1786,0.4376,0.2594,0.4731,0.2891,0.1988,0.0864,1.0296,1.0561,1.051,1.0742,0.0868,0.166,0.2444,0.2806,0.259,0.2817,0.1858,0.0825,1.072,1.0717,1.0473,1.0774,0.0897,0.1729,0.254,0.2631,0.2653,0.2814,0.1909,0.0834,1.0569,1.0559,1.0335,1.0182,0.0873,0.1827,0.2697,0.2576,0.2551,0.3004,0.1782,0.0835,1.0711,1.0473,1.0452,1.0178,0.0892,0.1759,0.254,0.2636,0.2498,0.2442,0.1794,0.0834,1.0579,1.0298,1.0652,1.0569,0.0853,0.1628,0.2389,0.2397,0.2509,0.2354,0.1833,0.0821,1.0537,1.0695,1.0755,1.026,0.085,0.1604,0.213,0.2233,0.2166,0.2159,0.1822,0.0806,1.1153,1.1423,1.089,1.1096,0.0795,0.1895,0.2035,0.207,0.2032,0.2266,0.1983
1112,18,30,0.0947,1.0129,1.012,1.0276,1.0416,0.0886,0.1777,0.3835,0.2548,0.5616,0.3791,0.1976,0.086,1.032,1.0579,1.0519,1.0775,0.0866,0.1648,0.2438,0.2776,0.2638,0.2717,0.185,0.0825,1.0738,1.0726,1.0495,1.0797,0.0893,0.1721,0.2917,0.2537,0.2701,0.2543,0.1896,0.0832,1.0592,1.0578,1.0349,1.0195,0.0874,0.1815,0.2518,0.2698,0.2671,0.2647,0.1775,0.0832,1.0721,1.0505,1.0473,1.0208,0.0889,0.1749,0.2517,0.2582,0.2421,0.2494,0.1785,0.0832,1.0605,1.0318,1.0669,1.0604,0.0848,0.1618,0.2365,0.2382,0.26,0.2359,0.1823,0.0819,1.0551,1.0725,1.078,1.0298,0.0847,0.1651,0.2102,0.2174,0.2142,0.2123,0.181,0.0805,1.1178,1.1443,1.0913,1.1117,0.0789,0.1884,0.2016,0.2067,0.2024,0.2263,0.2134
1112,18.5,30,0.0946,1.0148,1.0137,1.0299,1.0437,0.0888,0.1768,0.4,0.2503,0.4124,0.2838,0.1967,0.086,1.0335,1.0606,1.054,1.0788,0.0864,0.164,0.2516,0.26,0.2795,0.2548,0.1842,0.0824,1.0764,1.0748,1.0513,1.0815,0.0893,0.1715,0.2936,0.2472,0.2444,0.2481,0.1892,0.0832,1.0603,1.0603,1.0368,1.0213,0.0872,0.1808,0.2695,0.2752,0.2624,0.2662,0.1768,0.0833,1.0742,1.0535,1.0497,1.0233,0.0885,0.1741,0.2675,0.2412,0.2412,0.2654,0.1778,0.083,1.0622,1.0343,1.0707,1.0636,0.0846,0.161,0.2354,0.2369,0.2817,0.2422,0.1815,0.0819,1.0569,1.0756,1.082,1.0325,0.0844,0.1584,0.21,0.2161,0.2137,0.2125,0.1803,0.0803,1.1196,1.1459,1.0943,1.1135,0.0787,0.1874,0.2016,0.2064,0.203,0.2228,0.1961
1112,19,30,0.0943,1.0161,1.0151,1.0321,1.0442,0.0885,0.1758,0.3967,0.25,0.2661,0.2938,0.1957,0.0858,1.0349,1.0627,1.0562,1.0808,0.0863,0.1631,0.2426,0.2651,0.2529,0.2587,0.1832,0.0821,1.0784,1.0771,1.0519,1.0843,0.0892,0.1704,0.2911,0.2469,0.2546,0.2598,0.1881,0.0827,1.0621,1.0623,1.0387,1.0231,0.0872,0.1799,0.258,0.2577,0.2629,0.2548,0.1754,0.0832,1.0764,1.0555,1.0507,1.026,0.0887,0.1729,0.2519,0.2418,0.2391,0.2395,0.1767,0.0827,1.0637,1.0374,1.0734,1.0667,0.0844,0.1597,0.2314,0.2391,0.295,0.2328,0.1803,0.0816,1.0603,1.079,1.0856,1.035,0.0842,0.1669,0.207,0.2166,0.2134,0.2132,0.1794,0.0801,1.1215,1.1474,1.0973,1.1152,0.0788,0.1863,0.1998,0.2044,0.1998,0.2221,0.1952
1112,19.5,30,0.0946,1.0174,1.017,1.0342,1.0464,0.0878,0.1746,0.3891,0.2581,0.2527,0.3264,0.1945,0.0854,1.0361,1.0637,1.0577,1.0836,0.0857,0.1622,0.2396,0.2412,0.2599,0.2451,0.1822,0.0816,1.08,1.0794,1.0543,1.0874,0.0886,0.1691,0.2524,0.2539,0.2611,0.2437,0.1867,0.0822,1.0634,1.0646,1.0411,1.0253,0.0866,0.1789,0.2747,0.2454,0.2826,0.2531,0.1744,0.0826,1.0772,1.0577,1.0533,1.0278,0.0881,0.1718,0.2497,0.2833,0.238,0.2396,0.1756,0.0821,1.0661,1.04,1.0777,1.071,0.084,0.1588,0.235,0.2326,0.31,0.2315,0.1795,0.0812,1.0616,1.0826,1.0877,1.0377,0.0838,0.1559,0.2059,0.2142,0.2116,0.2104,0.1779,0.0797,1.1229,1.1503,1.1001,1.1162,0.0787,0.1851,0.1972,0.2036,0.2,0.2228,0.1937
1112,20,30,0.0937,1.0186,1.0186,1.0356,1.0482,0.0877,0.1734,0.3682,0.2562,0.3727,0.3884,0.1933,0.0852,1.0385,1.0661,1.06,1.0851,0.0857,0.161,0.2321,0.2403,0.2628,0.265,0.1812,0.0815,1.0817,1.0809,1.0553,1.0895,0.0888,0.168,0.2595,0.2565,0.2659,0.2574,0.1861,0.0821,1.0661,1.0667,1.042,1.0267,0.0864,0.1779,0.2464,0.2406,0.2471,0.2531,0.1732,0.0825,1.0797,1.0602,1.0549,1.0309,0.0879,0.1709,0.254,0.2393,0.2539,0.2421,0.1743,0.0821,1.0682,1.0422,1.0803,1.0733,0.0837,0.1578,0.2302,0.231,0.2894,0.2289,0.1781,0.0809,1.0651,1.0849,1.092,1.0403,0.0837,0.1549,0.2065,0.2121,0.2092,0.2108,0.1769,0.0794,1.1247,1.1517,1.1023,1.1184,0.0784,0.1841,0.1984,0.2026,0.1995,0.2213,0.1924
1114,0,30.4,0.0955,0.4957,0.4953,0.5247,0.4844,0.0985,0.2471,0.3881,0.3664,0.3751,0.3761,0.2459,0.0919,0.4138,0.4217,0.4198,0.4161,0.0956,0.2397,0.3585,0.3544,0.3618,0.3771,0.2483,0.0916,0.3531,0.3427,0.3548,0.3303,0.0993,0.2483,0.3785,0.3934,0.3806,0.3751,0.2475,0.0936,0.2599,0.2482,0.2702,0.2474,0.0972,0.2466,0.3312,0.3372,0.3396,0.3508,0.2507,0.0954,0.1816,0.1728,0.1818,0.1713,0.0942,0.2491,0.3371,0.3262,0.3373,0.3314,0.248,0.091,0.1352,0.1313,0.1393,0.1299,0.0934,0.2502,0.3089,0.3006,0.3111,0.2938,0.2492,0.0901,0.1083,0.1056,0.1093,0.1083,0.0916,0.2439,0.3331,0.3215,0.3448,0.3684,0.2471,0.0915,0.0924,0.0881,0.0939,0.0949,0.092,0.2553,0.2723,0.2712,0.2687,0.2842,0.2541
1114,0.5,30,0.0947,0.5558,0.5968,0.5917,0.6139,0.0966,0.2521,0.3656,0.3649,0.374,0.3734,0.2511,0.0908,0.5249,0.5527,0.5278,0.5107,0.0941,0.2485,0.3545,0.3538,0.3645,0.3755,0.2536,0.0907,0.4281,0.4384,0.4591,0.4672,0.0982,0.2546,0.3807,0.3955,0.3801,0.3684,0.2531,0.0925,0.359,0.3088,0.3134,0.2969,0.0964,0.2538,0.3384,0.3357,0.3361,0.3529,0.2572,0.0952,0.2323,0.2052,0.2195,0.2045,0.0935,0.2572,0.3471,0.329,0.3376,0.3285,0.2543,0.0904,0.1629,0.1382,0.1425,0.138,0.0922,0.2584,0.309,0.3052,0.3127,0.2974,0.2564,0.0896,0.1197,0.1153,0.1175,0.1205,0.0906,0.2514,0.3391,0.3254,0.3511,0.3733,0.2539,0.0908,0.0914,0.0873,0.0929,0.0929,0.091,0.2611,0.2762,0.2749,0.2748,0.2884,0.2606
1114,1,30,0.0945,0.6308,0.607,0.6619,0.6308,0.0966,0.2516,0.3621,0.3615,0.3704,0.37,0.2506,0.0908,0.5458,0.577,0.5601,0.5583,0.0941,0.2477,0.3497,0.3486,0.3592,0.3732,0.2532,0.0907,0.4793,0.4578,0.4652,0.4512,0.0977,0.2542,0.3766,0.3888,0.377,0.37,0.2532,0.0921,0.3523,0.3198,0.3283,0.3146,0.0956,0.2534,0.3342,0.3279,0.3341,0.3409,0.2567,0.095,0.23,0.2133,0.2146,0.2118,0.0928,0.2567,0.3401,0.3264,0.3383,0.33,0.2531,0.0902,0.179,0.1495,0.1584,0.1506,0.0919,0.2578,0.3083,0.3013,0.3104,0.2952,0.2552,0.0895,0.1201,0.1228,0.12,0.1165,0.0905,0.2507,0.3351,0.32,0.3459,0.3728,0.2524,0.0908,0.0911,0.0872,0.0925,0.0924,0.0907,0.26,0.2735,0.2731,0.2756,0.2886,0.259
1114,1.5,30,0.0943,0.7156,0.6902,0.7358,0.7133,0.096,0.25,0.3609,0.3578,0.3648,0.371,0.2492,0.0908,0.6211,0.6494,0.646,0.6306,0.0938,0.2457,0.3431,0.344,0.3509,0.3668,0.2515,0.0905,0.5469,0.532,0.5395,0.5341,0.0975,0.2525,0.3748,0.3861,0.369,0.3672,0.2519,0.092,0.4098,0.3837,0.3937,0.3693,0.0955,0.2515,0.3341,0.3296,0.3393,0.3452,0.2547,0.0946,0.2585,0.2443,0.2435,0.2385,0.0929,0.2551,0.3358,0.321,0.3307,0.3221,0.2515,0.0901,0.2033,0.1658,0.1714,0.1643,0.0918,0.2561,0.3091,0.2994,0.3054,0.2923,0.2537,0.0895,0.1314,0.1322,0.1284,0.1249,0.0902,0.2495,0.3329,0.3219,0.3457,0.3675,0.251,0.0906,0.091,0.0869,0.0918,0.092,0.0905,0.2582,0.2728,0.2699,0.272,0.2871,0.257
1114,2,30,0.0942,0.7902,0.7703,0.8108,0.7877,0.096,0.2487,0.3575,0.3554,0.3664,0.3645,0.2479,0.0907,0.6989,0.7274,0.72,0.7119,0.0935,0.2443,0.3472,0.3426,0.3521,0.3621,0.2501,0.0905,0.6248,0.6074,0.6224,0.6152,0.0973,0.251,0.3675,0.3844,0.3659,0.3664,0.2503,0.0921,0.4783,0.457,0.4643,0.4357,0.0954,0.25,0.3253,0.325,0.3384,0.3356,0.2529,0.0945,0.3034,0.2919,0.2889,0.281,0.0926,0.2537,0.3232,0.3224,0.331,0.3228,0.2499,0.0901,0.2264,0.1875,0.1934,0.1843,0.0918,0.2546,0.3006,0.299,0.3057,0.29,0.2521,0.0895,0.1453,0.1461,0.142,0.1356,0.0901,0.248,0.3291,0.3177,0.3461,0.3633,0.249,0.0903,0.0908,0.087,0.0916,0.0916,0.0901,0.2566,0.271,0.269,0.2691,0.2853,0.2552
1114,2.5,30,0.0939,0.8583,0.8347,0.8859,0.8553,0.0956,0.2464,0.3552,0.3507,0.3605,0.3634,0.2465,0.0906,0.7775,0.8068,0.794,0.7923,0.0935,0.2424,0.3376,0.3462,0.3569,0.3688,0.2487,0.0905,0.7008,0.6918,0.6955,0.6956,0.0971,0.2499,0.3664,0.3769,0.3652,0.3576,0.2493,0.0918,0.551,0.5319,0.5338,0.5063,0.0952,0.2485,0.3237,0.3264,0.3241,0.3358,0.2519,0.0945,0.3562,0.3428,0.3368,0.3289,0.0924,0.2521,0.3274,0.3157,0.3301,0.3183,0.2488,0.09,0.2584,0.2124,0.2175,0.207,0.0917,0.2532,0.2984,0.2961,0.3035,0.2885,0.2507,0.0892,0.163,0.1631,0.1558,0.1477,0.0901,0.2465,0.3293,0.314,0.3411,0.355,0.2476,0.0902,0.0908,0.0868,0.0914,0.091,0.09,0.2549,0.2672,0.2677,0.2684,0.2826,0.2536
1114,3,30,0.0937,0.9349,0.9108,0.9518,0.9173,0.0956,0.2454,0.3511,0.3514,0.3521,0.367,0.2456,0.0905,0.8499,0.8772,0.8625,0.8663,0.0933,0.241,0.3389,0.338,0.3452,0.3618,0.2472,0.0903,0.7858,0.7667,0.7807,0.7869,0.0968,0.2483,0.3652,0.3711,0.3572,0.3555,0.2479,0.0918,0.6262,0.6075,0.6108,0.5815,0.095,0.2475,0.3226,0.3204,0.3255,0.3388,0.2502,0.094,0.4159,0.4022,0.3969,0.3886,0.0924,0.2512,0.3251,0.3149,0.3275,0.3151,0.2474,0.0901,0.3016,0.2433,0.2468,0.2367,0.0915,0.252,0.304,0.2943,0.3034,0.2883,0.2494,0.089,0.1835,0.1861,0.1738,0.1648,0.0899,0.2454,0.3295,0.3134,0.3364,0.359,0.2464,0.0902,0.0906,0.0869,0.0911,0.0907,0.09,0.2535,0.2664,0.2669,0.2668,0.2796,0.2523
1114,3.5,30,0.0936,0.9943,0.9581,1.0076,0.9717,0.0955,0.2439,0.3484,0.344,0.3585,0.3603,0.2442,0.0904,0.9129,0.94,0.9223,0.9286,0.0933,0.2399,0.3303,0.3411,0.3496,0.3634,0.2461,0.0903,0.8643,0.8368,0.8545,0.8581,0.0966,0.247,0.3649,0.3765,0.3611,0.3643,0.2469,0.0917,0.704,0.6832,0.6847,0.662,0.0951,0.2464,0.3249,0.3226,0.3293,0.3358,0.249,0.0942,0.4819,0.4712,0.46,0.4543,0.0925,0.2499,0.3259,0.318,0.3278,0.3123,0.2462,0.0898,0.3519,0.2837,0.2858,0.2744,0.0916,0.2508,0.2945,0.2907,0.299,0.2846,0.248,0.0891,0.2092,0.2109,0.196,0.185,0.0899,0.2445,0.3231,0.3128,0.3351,0.3529,0.245,0.0901,0.0906,0.0868,0.091,0.0905,0.0898,0.2521,0.2643,0.2643,0.2649,0.2815,0.2511
1114,4,30,0.094,1.0297,0.9917,1.0328,1.0062,0.0955,0.2419,0.3461,0.3419,0.353,0.3519,0.243,0.0905,0.9703,0.9931,0.975,0.9711,0.0934,0.2384,0.3393,0.3376,0.3429,0.361,0.2448,0.0901,0.9363,0.894,0.9164,0.9334,0.0968,0.2461,0.3651,0.3756,0.3606,0.361,0.2456,0.0921,0.7797,0.7654,0.7597,0.7382,0.0949,0.2452,0.3228,0.3217,0.3268,0.339,0.2478,0.0941,0.5504,0.5443,0.529,0.5276,0.0925,0.2486,0.3215,0.3174,0.3291,0.3114,0.2448,0.09,0.4147,0.3334,0.3351,0.3235,0.0915,0.2496,0.2938,0.2901,0.2978,0.2837,0.2466,0.0891,0.2397,0.2432,0.2237,0.2104,0.0896,0.243,0.3241,0.3086,0.3343,0.3557,0.2437,0.0901,0.0906,0.0869,0.0907,0.0905,0.0897,0.251,0.2624,0.2642,0.2622,0.2776,0.2497
1114,4.5,30,0.0936,1.0367,1.0008,1.0369,1.0132,0.0957,0.2409,0.3389,0.3379,0.3529,0.3578,0.2422,0.0902,1.0065,1.0273,1.0088,1.0052,0.0933,0.2366,0.3265,0.3311,0.3419,0.3712,0.2437,0.0899,1.0018,0.9481,0.9769,0.9928,0.0963,0.2451,0.3559,0.3705,0.3617,0.3595,0.2444,0.0917,0.8455,0.8399,0.8288,0.8039,0.0948,0.2444,0.3211,0.3178,0.3233,0.3332,0.2465,0.0939,0.6267,0.6186,0.6074,0.6048,0.0925,0.2476,0.3211,0.3145,0.3191,0.3049,0.2436,0.0901,0.4795,0.3949,0.3923,0.3793,0.0913,0.2482,0.2929,0.2877,0.297,0.2802,0.2458,0.089,0.2796,0.2851,0.2594,0.2411,0.0896,0.2418,0.3201,0.3054,0.3315,0.3532,0.2425,0.0898,0.0906,0.0868,0.0909,0.0905,0.0898,0.2495,0.2596,0.2617,0.2625,0.2761,0.2485
1114,5,30,0.0939,1.0204,1.0018,1.0328,1.0122,0.0952,0.2392,0.3423,0.3366,0.3569,0.3591,0.2411,0.0906,1.0141,1.0326,1.0147,1.0125,0.0933,0.2356,0.322,0.3373,0.3404,0.3552,0.2428,0.09,1.0377,0.9896,1.0234,1.0196,0.0961,0.244,0.3606,0.3634,0.3669,0.3531,0.2431,0.0916,0.9118,0.9091,0.8942,0.8696,0.095,0.2432,0.3227,0.3258,0.3192,0.3382,0.2451,0.0938,0.6986,0.6966,0.6836,0.6808,0.0923,0.2465,0.3188,0.3083,0.3211,0.311,0.2424,0.0901,0.5507,0.4623,0.4596,0.4438,0.0917,0.2471,0.2897,0.2834,0.2951,0.2789,0.2444,0.0888,0.3262,0.3351,0.3054,0.282,0.0899,0.2408,0.3161,0.3047,0.3318,0.3492,0.2411,0.0894,0.0905,0.0868,0.0907,0.0903,0.0898,0.2481,0.2596,0.2588,0.2597,0.2744,0.2473
1114,5.5,30,0.0938,1.0242,1.0029,1.0335,1.0132,0.0956,0.2378,0.3358,0.3308,0.3462,0.3477,0.2401,0.0905,1.0132,1.0329,1.0164,1.0122,0.0936,0.234,0.3334,0.3233,0.3378,0.363,0.2418,0.0902,1.0345,1.003,1.0392,1.0346,0.0961,0.2432,0.3486,0.3659,0.3561,0.3485,0.2426,0.0916,0.9705,0.9555,0.9525,0.93,0.0951,0.2424,0.3225,0.3187,0.3294,0.3476,0.2443,0.0937,0.7693,0.7711,0.7592,0.756,0.0925,0.2456,0.3116,0.3074,0.3157,0.3124,0.2415,0.0901,0.6271,0.5346,0.5301,0.5165,0.0915,0.2461,0.2893,0.2813,0.2918,0.2811,0.2435,0.0889,0.3824,0.3946,0.3588,0.3325,0.0896,0.2398,0.3158,0.3061,0.3279,0.3487,0.2401,0.0893,0.0905,0.087,0.0905,0.0902,0.09,0.2467,0.2593,0.2571,0.2578,0.2714,0.2463
1114,6,30,0.0937,1.0257,1.0043,1.0354,1.0142,0.0953,0.2365,0.3485,0.3457,0.3488,0.3421,0.2389,0.0903,1.0143,1.034,1.018,1.0142,0.0933,0.2325,0.3429,0.3344,0.3484,0.3548,0.2404,0.0899,1.0331,1.004,1.0379,1.0362,0.0961,0.2421,0.3522,0.3616,0.3573,0.3485,0.2409,0.0914,1.0115,0.9913,0.9897,0.9732,0.0949,0.2414,0.3276,0.3083,0.3174,0.3486,0.2429,0.0936,0.838,0.8308,0.8263,0.8293,0.0924,0.2442,0.3226,0.3083,0.3218,0.3052,0.2402,0.09,0.7037,0.6128,0.6122,0.5946,0.0914,0.2447,0.2864,0.2828,0.292,0.2798,0.2421,0.0885,0.4488,0.4627,0.4237,0.3949,0.0898,0.2387,0.3165,0.3036,0.3271,0.3501,0.2387,0.0891,0.0905,0.0868,0.0906,0.09,0.0898,0.2453,0.258,0.2572,0.2569,0.2707,0.2453
1114,6.5,30,0.0936,1.0272,1.0057,1.0367,1.0153,0.0951,0.2353,0.3352,0.333,0.3424,0.3468,0.2379,0.0904,1.0161,1.0363,1.02,1.0167,0.0932,0.2311,0.3392,0.3343,0.3574,0.357,0.2393,0.0901,1.0292,1.0056,1.0373,1.035,0.0966,0.241,0.3495,0.3601,0.3515,0.3463,0.2405,0.0915,1.0225,1.0023,1.0001,0.9836,0.0947,0.2404,0.3315,0.3252,0.3268,0.3238,0.2419,0.0932,0.8981,0.8922,0.8905,0.8947,0.0925,0.2433,0.3163,0.3079,0.316,0.3091,0.2389,0.09,0.7833,0.6932,0.6884,0.6704,0.0914,0.2437,0.2816,0.2789,0.2904,0.2759,0.2411,0.0885,0.5202,0.5357,0.4958,0.4645,0.0897,0.2378,0.3168,0.3051,0.3244,0.3427,0.2377,0.0891,0.0907,0.0868,0.0909,0.09,0.0899,0.2447,0.2563,0.2591,0.2554,0.2701,0.2438
1114,7,30,0.0934,1.0293,1.0067,1.0387,1.0167,0.0954,0.2339,0.3197,0.3609,0.3461,0.3997,0.237,0.0903,1.0186,1.0389,1.0227,1.0175,0.0935,0.2301,0.3217,0.3394,0.3526,0.3583,0.2383,0.0898,1.0307,1.0074,1.0385,1.0371,0.0964,0.24,0.3439,0.364,0.3563,0.366,0.2391,0.0915,1.0223,1.0018,1.0009,0.9861,0.0943,0.2392,0.3093,0.3176,0.3214,0.3235,0.2407,0.093,0.9551,0.9491,0.9457,0.9435,0.0919,0.2422,0.3173,0.3059,0.3094,0.3062,0.2377,0.0899,0.852,0.7623,0.7584,0.7439,0.0912,0.2424,0.283,0.2799,0.2888,0.2776,0.2397,0.0884,0.5958,0.6139,0.5726,0.5432,0.0897,0.2368,0.3122,0.2994,0.3223,0.3414,0.2361,0.0891,0.0904,0.0869,0.0926,0.0899,0.0898,0.2434,0.2546,0.255,0.2542,0.2689,0.2428
1114,7.5,30,0.0937,1.0301,1.0085,1.041,1.0173,0.0953,0.2324,0.3233,0.3385,0.3385,0.3414,0.2361,0.0903,1.021,1.0383,1.0255,1.0197,0.0934,0.2293,0.356,0.3215,0.3495,0.3697,0.2373,0.0899,1.0313,1.0102,1.0408,1.0387,0.0967,0.2393,0.353,0.3564,0.344,0.3626,0.2382,0.0916,1.0238,1.0026,1.0036,0.9875,0.0947,0.2384,0.3085,0.3111,0.3185,0.3238,0.2401,0.0931,0.9896,0.9873,0.9855,0.9859,0.0923,0.2414,0.3165,0.3022,0.3091,0.2988,0.2369,0.0902,0.9144,0.8316,0.8314,0.8189,0.0914,0.2415,0.2845,0.2812,0.2861,0.2752,0.2389,0.0886,0.67,0.6953,0.6571,0.6248,0.0896,0.2355,0.3069,0.2959,0.3204,0.3403,0.2354,0.0891,0.0903,0.087,0.0928,0.09,0.0897,0.2423,0.253,0.253,0.253,0.2666,0.2416
1114,8,30,0.0938,1.0311,1.0107,1.0421,1.0192,0.0952,0.2313,0.3169,0.338,0.3253,0.3502,0.2349,0.0904,1.0237,1.0411,1.0276,1.0224,0.093,0.2281,0.3265,0.3121,0.3682,0.3576,0.2368,0.0898,1.033,1.0129,1.0423,1.0409,0.0959,0.2383,0.346,0.3641,0.34,0.3765,0.2373,0.0914,1.024,1.0046,1.0057,0.9889,0.094,0.2375,0.2992,0.3188,0.3309,0.3203,0.239,0.0931,0.9998,0.9968,0.9931,0.995,0.092,0.2407,0.313,0.3025,0.3139,0.2933,0.2363,0.0901,0.9729,0.8959,0.8976,0.8855,0.0914,0.2404,0.2816,0.286,0.2865,0.2743,0.2381,0.0882,0.7491,0.7713,0.7358,0.7058,0.0895,0.2348,0.3114,0.2939,0.3132,0.3384,0.2342,0.0888,0.0903,0.0868,0.0925,0.0899,0.0896,0.2411,0.2522,0.2522,0.252,0.2665,0.2403
1114,8.5,30,0.0936,1.0323,1.0112,1.0434,1.0199,0.0951,0.2303,0.3229,0.3464,0.3611,0.3679,0.2341,0.0905,1.0252,1.0417,1.0295,1.0235,0.093,0.2272,0.3238,0.3563,0.3665,0.3286,0.2358,0.0896,1.0319,1.0144,1.0418,1.0431,0.0962,0.2372,0.3748,0.3567,0.3387,0.3544,0.2362,0.0915,1.0253,1.0056,1.0077,0.9917,0.0942,0.2366,0.2982,0.324,0.3221,0.3111,0.2377,0.0932,0.9998,0.999,0.992,0.9957,0.0918,0.2399,0.3222,0.3028,0.3111,0.2924,0.235,0.0899,1.0125,0.9579,0.9596,0.9489,0.0911,0.2396,0.275,0.2764,0.2842,0.2736,0.237,0.0881,0.8143,0.8375,0.8044,0.7849,0.0894,0.234,0.3071,0.295,0.3164,0.3349,0.2332,0.0887,0.0904,0.0869,0.0905,0.0904,0.0895,0.2399,0.2499,0.2502,0.25,0.2607,0.2396
1114,9,30,0.0936,1.0326,1.0134,1.0437,1.0207,0.095,0.2287,0.3253,0.3692,0.3295,0.4337,0.2334,0.0905,1.0267,1.0323,1.0308,1.0262,0.093,0.2264,0.2964,0.4113,0.3356,0.3442,0.2346,0.0897,1.0338,1.0163,1.0431,1.0444,0.0966,0.2356,0.3638,0.3607,0.3395,0.3605,0.2352,0.0913,1.0263,1.0081,1.0102,0.9938,0.0939,0.2357,0.2961,0.3047,0.3151,0.3371,0.2367,0.093,1.0006,1.0036,0.9938,0.9992,0.0921,0.2387,0.3077,0.3048,0.3091,0.3004,0.2338,0.0899,1.0453,0.9973,0.9962,0.9765,0.0911,0.2384,0.2767,0.2781,0.2833,0.2721,0.236,0.0882,0.877,0.9037,0.8765,0.857,0.0897,0.2328,0.306,0.2939,0.3176,0.3366,0.2323,0.0887,0.0904,0.0869,0.0901,0.0933,0.0894,0.2389,0.2487,0.2511,0.2502,0.2608,0.2384
1114,9.5,30,0.0937,1.0333,1.0129,1.046,1.0221,0.0946,0.2271,0.3311,0.3553,0.34,0.5635,0.2323,0.0904,1.0276,1.0342,1.033,1.028,0.0933,0.2251,0.3327,0.3004,0.3142,0.3395,0.2336,0.0897,1.0353,1.0182,1.0436,1.046,0.0966,0.2344,0.3668,0.3657,0.3389,0.3237,0.2345,0.0912,1.0288,1.0101,1.012,0.9955,0.0937,0.2348,0.2981,0.3068,0.3373,0.3012,0.2355,0.0928,1.0013,1.006,0.9964,1.0015,0.0917,0.2376,0.3112,0.3007,0.3049,0.2911,0.233,0.0898,1.0517,1.0056,1.0043,0.9808,0.0908,0.2373,0.274,0.275,0.2811,0.2701,0.2348,0.0881,0.9336,0.9625,0.9398,0.9263,0.0895,0.2316,0.3115,0.2899,0.3097,0.3331,0.2311,0.0886,0.0902,0.0869,0.0899,0.0945,0.0895,0.2378,0.2496,0.2482,0.2475,0.2588,0.2372
1114,10,30,0.0937,1.0345,1.0126,1.0458,1.0231,0.0949,0.2264,0.3463,0.3661,0.3225,0.3412,0.2313,0.0903,1.0298,1.0356,1.035,1.0294,0.0932,0.2239,0.3133,0.3363,0.356,0.3314,0.2326,0.0894,1.0368,1.0204,1.0458,1.0471,0.0962,0.2332,0.3744,0.3465,0.3433,0.3245,0.2335,0.091,1.0285,1.0121,1.0137,0.9985,0.0935,0.2338,0.3074,0.2912,0.3064,0.3484,0.2344,0.0925,1.0053,1.0085,0.9988,1.0048,0.0919,0.2365,0.3088,0.2988,0.306,0.2954,0.2318,0.0898,1.052,1.0092,1.0051,0.9833,0.0908,0.2362,0.2707,0.2744,0.284,0.2665,0.2338,0.0879,0.9895,1.0194,0.9967,0.9889,0.0893,0.2307,0.3039,0.2914,0.3122,0.332,0.2301,0.0887,0.0902,0.087,0.0898,0.0957,0.0894,0.237,0.2438,0.2479,0.2469,0.2565,0.2363
1114,10.5,30,0.0937,1.035,1.0147,1.0477,1.0247,0.0946,0.2248,0.317,0.3211,0.3201,0.3853,0.2306,0.0902,1.0318,1.0359,1.036,1.0313,0.0933,0.2228,0.3053,0.3398,0.2994,0.3161,0.2318,0.0893,1.0381,1.0227,1.0458,1.0483,0.0959,0.2326,0.3413,0.362,0.3422,0.322,0.2331,0.091,1.0302,1.0135,1.0152,0.9988,0.0934,0.2332,0.2827,0.3095,0.298,0.3198,0.234,0.0925,1.0063,1.0109,1.0008,1.0063,0.0918,0.2359,0.3062,0.2877,0.2988,0.2997,0.2307,0.0896,1.0526,1.0121,1.0059,0.9854,0.0906,0.2355,0.274,0.2682,0.2775,0.2655,0.2328,0.0878,1.0324,1.0607,1.0352,1.0295,0.0892,0.2295,0.3039,0.2905,0.31,0.3335,0.2289,0.0883,0.09,0.0871,0.0896,0.0954,0.0894,0.2355,0.2442,0.2464,0.2467,0.2577,0.2354
1114,11,30,0.0934,1.0361,1.0159,1.0464,1.0256,0.0947,0.2242,0.291,0.3397,0.2994,0.3158,0.2295,0.0903,1.0298,1.0382,1.0376,1.0329,0.0927,0.222,0.2985,0.2967,0.3135,0.317,0.2311,0.0892,1.0386,1.024,1.0456,1.0501,0.0959,0.2316,0.3463,0.3564,0.3181,0.3226,0.2318,0.0909,1.0304,1.016,1.0173,1.0013,0.0934,0.232,0.2931,0.3291,0.2959,0.2915,0.2328,0.0919,1.0095,1.0134,1.0025,1.0085,0.0917,0.2347,0.2971,0.284,0.2971,0.2912,0.2301,0.0896,1.0544,1.0143,1.009,0.9888,0.0905,0.2341,0.269,0.2651,0.2764,0.2664,0.2315,0.0876,1.0475,1.0681,1.0422,1.0374,0.0887,0.2288,0.3023,0.2916,0.3053,0.3251,0.228,0.0882,0.0902,0.087,0.0894,0.0954,0.0891,0.2347,0.243,0.247,0.2448,0.2552,0.2342
1114,11.5,30,0.0934,1.0368,1.0171,1.0464,1.0252,0.0944,0.2222,0.302,0.3209,0.3206,0.3637,0.2287,0.0898,1.0285,1.0395,1.0393,1.0349,0.0928,0.2211,0.2918,0.2946,0.2981,0.3113,0.2298,0.0892,1.0397,1.0259,1.0481,1.0517,0.0964,0.2304,0.335,0.3508,0.3416,0.3573,0.2305,0.0906,1.0317,1.0182,1.0192,1.0025,0.0934,0.2311,0.2885,0.2839,0.3078,0.2979,0.232,0.092,1.0098,1.0152,1.0051,1.0106,0.0915,0.2338,0.2912,0.2906,0.295,0.292,0.2291,0.0896,1.0568,1.017,1.0107,0.9916,0.0904,0.233,0.2667,0.2633,0.2781,0.2608,0.2306,0.0874,1.0459,1.0687,1.0436,1.0392,0.0885,0.2273,0.2973,0.2879,0.3056,0.3258,0.2267,0.0883,0.09,0.0868,0.0891,0.0948,0.0891,0.2336,0.2442,0.2423,0.244,0.254,0.233
1114,12,30,0.0934,1.0381,1.0175,1.0464,1.027,0.0943,0.2214,0.3116,0.2993,0.3194,0.4228,0.2282,0.0898,1.0292,1.0405,1.0411,1.0369,0.0925,0.22,0.2904,0.2916,0.3151,0.3326,0.2293,0.089,1.0408,1.0278,1.0489,1.0532,0.0945,0.229,0.3232,0.3744,0.3287,0.3351,0.2298,0.0908,1.0329,1.0199,1.021,1.0041,0.093,0.2306,0.2848,0.2833,0.3083,0.3465,0.2309,0.0916,1.0124,1.0178,1.0071,1.0118,0.0911,0.2327,0.2876,0.2874,0.3384,0.2862,0.2282,0.0892,1.0595,1.02,1.0135,0.994,0.0904,0.2317,0.2651,0.2641,0.2734,0.2615,0.2293,0.0873,1.0476,1.0699,1.0441,1.042,0.0882,0.2259,0.2989,0.2898,0.3066,0.3262,0.2257,0.0882,0.0897,0.0872,0.089,0.095,0.0892,0.2321,0.2397,0.2406,0.242,0.2517,0.2322
1114,12.5,30,0.093,1.0382,1.0188,1.046,1.0283,0.094,0.2199,0.2873,0.3047,0.3806,0.4651,0.2268,0.0897,1.0311,1.0429,1.0421,1.0382,0.0926,0.2187,0.3132,0.2983,0.3204,0.3188,0.2281,0.089,1.0425,1.0289,1.0496,1.0549,0.0941,0.2281,0.3343,0.4092,0.3239,0.3427,0.229,0.0906,1.0336,1.022,1.0224,1.0063,0.0932,0.2295,0.2946,0.2904,0.2985,0.3357,0.2299,0.0916,1.0143,1.0194,1.0091,1.0136,0.0913,0.2317,0.293,0.2825,0.2931,0.2877,0.227,0.0891,1.061,1.0212,1.015,0.9971,0.0903,0.2302,0.2651,0.2613,0.2685,0.2603,0.2286,0.0872,1.0505,1.0721,1.0472,1.0435,0.0883,0.2247,0.2949,0.2874,0.3032,0.3261,0.225,0.0879,0.0897,0.0871,0.0892,0.0951,0.0891,0.2312,0.2408,0.2422,0.2389,0.2494,0.2314
1114,13,30,0.093,1.0398,1.0202,1.0454,1.0286,0.0935,0.2187,0.2877,0.315,0.6083,0.3736,0.226,0.0896,1.0318,1.0437,1.0439,1.0398,0.092,0.2181,0.3004,0.2899,0.2879,0.3593,0.2271,0.0887,1.0432,1.0309,1.0521,1.0564,0.0938,0.2266,0.3342,0.3445,0.3146,0.3344,0.2279,0.0904,1.0346,1.0232,1.0241,1.0085,0.0926,0.2286,0.3022,0.2792,0.2961,0.2833,0.2286,0.0913,1.0152,1.0209,1.0107,1.0154,0.0911,0.2301,0.2842,0.2762,0.2799,0.2862,0.2259,0.0888,1.0638,1.0237,1.017,0.9989,0.0901,0.2289,0.2675,0.2615,0.2691,0.2601,0.2273,0.0869,1.0523,1.0734,1.0487,1.047,0.0878,0.2236,0.295,0.2907,0.3033,0.3227,0.224,0.0878,0.0895,0.0863,0.089,0.0927,0.0891,0.2297,0.2389,0.2388,0.2391,0.2483,0.23
1114,13.5,30,0.0926,1.0408,1.0212,1.0446,1.0295,0.0934,0.2177,0.2751,0.3122,0.3376,0.4333,0.2251,0.0891,1.0324,1.0466,1.0445,1.0413,0.0918,0.2167,0.2983,0.3465,0.2941,0.3154,0.2259,0.0886,1.0442,1.0317,1.053,1.0579,0.0926,0.2254,0.3979,0.3486,0.3176,0.3128,0.2269,0.09,1.0351,1.0252,1.0252,1.0101,0.0927,0.2275,0.2843,0.2817,0.2904,0.3104,0.2279,0.0912,1.0163,1.0222,1.0131,1.0174,0.0908,0.2291,0.2809,0.28,0.2808,0.2891,0.2251,0.0887,1.0649,1.0258,1.0179,1.0011,0.0898,0.2276,0.26,0.2565,0.2677,0.26,0.2263,0.0866,1.0546,1.0761,1.0525,1.0478,0.0874,0.2227,0.2934,0.2917,0.3048,0.326,0.2228,0.0875,0.089,0.0858,0.0887,0.09,0.0886,0.2288,0.238,0.2395,0.2385,0.2461,0.2288
1114,14,30,0.0922,1.0413,1.0218,1.0464,1.0305,0.0932,0.2165,0.3048,0.3008,0.3405,0.5722,0.2245,0.089,1.034,1.048,1.0462,1.0429,0.0918,0.216,0.2769,0.2863,0.2872,0.3308,0.2251,0.0885,1.0459,1.0334,1.0551,1.0598,0.0923,0.2248,0.3351,0.3233,0.3316,0.3277,0.2263,0.0899,1.0353,1.0265,1.0278,1.0118,0.0922,0.2266,0.2933,0.2787,0.2803,0.3075,0.227,0.091,1.019,1.0253,1.0144,1.0194,0.0905,0.2281,0.2829,0.2823,0.2852,0.2892,0.224,0.0885,1.0665,1.0286,1.0199,1.0036,0.0898,0.2267,0.2567,0.2556,0.2688,0.2583,0.2255,0.0864,1.0588,1.0776,1.0562,1.0495,0.0876,0.2217,0.2889,0.2891,0.3049,0.3198,0.2215,0.0877,0.0891,0.0856,0.0887,0.0909,0.0886,0.2276,0.238,0.2392,0.2366,0.2445,0.2278
1114,14.5,30,0.0926,1.0428,1.023,1.0491,1.0323,0.0933,0.2157,0.291,0.2859,0.3325,0.3669,0.2237,0.0889,1.0348,1.0491,1.0479,1.0453,0.0914,0.215,0.2738,0.2772,0.2887,0.3313,0.2264,0.0884,1.0459,1.0353,1.0551,1.0617,0.092,0.2239,0.3158,0.321,0.321,0.3069,0.2255,0.0898,1.037,1.0281,1.0278,1.0139,0.0921,0.2258,0.3162,0.2879,0.2836,0.3291,0.2262,0.0909,1.0191,1.0265,1.0161,1.0203,0.0904,0.2272,0.2746,0.2697,0.2846,0.2768,0.2234,0.0881,1.0695,1.0299,1.021,1.0054,0.0895,0.2254,0.2627,0.2551,0.2649,0.2536,0.2246,0.0859,1.0592,1.0793,1.0569,1.0519,0.0874,0.2206,0.2895,0.2899,0.2999,0.3217,0.2202,0.0876,0.0889,0.0855,0.0886,0.0924,0.0884,0.2264,0.2344,0.233,0.2335,0.2461,0.2272
1114,15,30,0.0921,1.0435,1.0237,1.0511,1.0341,0.0929,0.2144,0.2753,0.2813,0.3322,0.3548,0.2225,0.0888,1.0361,1.0501,1.0489,1.0468,0.0911,0.2143,0.2901,0.2946,0.294,0.2934,0.2231,0.0881,1.0485,1.0372,1.0561,1.0637,0.0918,0.2227,0.3053,0.3234,0.3251,0.3101,0.2244,0.0897,1.0383,1.0294,1.029,1.0153,0.0919,0.2248,0.2822,0.2668,0.2788,0.3404,0.2251,0.0905,1.0212,1.0286,1.0169,1.0234,0.09,0.2261,0.2907,0.2907,0.2854,0.2791,0.2227,0.0879,1.0712,1.032,1.022,1.008,0.0894,0.2245,0.2544,0.2522,0.267,0.2544,0.2236,0.0861,1.0617,1.0805,1.0596,1.0543,0.0872,0.2195,0.2891,0.2993,0.3009,0.3165,0.2189,0.0876,0.0885,0.0853,0.0883,0.093,0.0883,0.2252,0.2348,0.2347,0.2344,0.241,0.2257
1114,15.5,30,0.092,1.0443,1.0248,1.0534,1.0344,0.0927,0.2132,0.269,0.2797,0.3249,0.3232,0.2216,0.0885,1.038,1.0526,1.0508,1.0483,0.091,0.213,0.2838,0.3557,0.2831,0.3043,0.2222,0.088,1.0498,1.0392,1.0577,1.0652,0.0917,0.2218,0.3222,0.3445,0.3239,0.3143,0.2236,0.0895,1.0391,1.0318,1.0315,1.0167,0.0914,0.2235,0.274,0.2757,0.2709,0.2712,0.2241,0.0902,1.0236,1.0309,1.0189,1.0259,0.0898,0.2249,0.2756,0.2636,0.2736,0.2846,0.2214,0.0878,1.0719,1.0347,1.0241,1.0097,0.0892,0.2232,0.253,0.2506,0.2639,0.254,0.2228,0.0857,1.0646,1.083,1.0614,1.0564,0.0868,0.2181,0.2894,0.2992,0.3006,0.315,0.2178,0.0877,0.0884,0.0852,0.0882,0.0925,0.0878,0.2242,0.2318,0.232,0.233,0.2414,0.2242
1114,16,30,0.0922,1.045,1.0259,1.0504,1.0349,0.092,0.2122,0.2722,0.3009,0.2934,0.5441,0.2202,0.0884,1.0391,1.0545,1.0529,1.0502,0.0906,0.212,0.2853,0.2901,0.2693,0.2917,0.2209,0.088,1.0513,1.0405,1.0577,1.0668,0.0914,0.2206,0.3233,0.3167,0.3251,0.3043,0.2229,0.0892,1.0378,1.0332,1.0323,1.019,0.0912,0.2223,0.3003,0.2854,0.2732,0.2861,0.2228,0.0901,1.025,1.0326,1.0203,1.027,0.0894,0.2237,0.2727,0.262,0.2702,0.2714,0.2199,0.0876,1.0743,1.0362,1.0259,1.0118,0.0887,0.2218,0.2524,0.2492,0.2614,0.2502,0.2214,0.0854,1.0672,1.0841,1.0633,1.0573,0.0866,0.217,0.2864,0.2948,0.3006,0.3162,0.2168,0.0874,0.0882,0.085,0.0878,0.0905,0.0874,0.2229,0.2283,0.2303,0.2311,0.241,0.2231
1115,0,26.6,0.0905,0.4285,0.4092,0.4223,0.4078,0.0914,0.244,0.379,0.3798,0.3799,0.3812,0.2552,0.0875,0.3375,0.327,0.3656,0.3311,0.0893,0.252,0.3584,0.3536,0.362,0.3666,0.2561,0.0904,0.2869,0.2668,0.3087,0.2643,0.0891,0.2492,0.3445,0.3563,0.3427,0.3475,0.2554,0.0908,0.2126,0.2067,0.2324,0.2081,0.0869,0.2517,0.3284,0.3274,0.3288,0.3321,0.2557,0.0892,0.1534,0.1573,0.1559,0.1441,0.0898,0.2517,0.3116,0.308,0.3091,0.3105,0.2515,0.0892,0.1222,0.1159,0.1201,0.1193,0.0915,0.2497,0.2932,0.2925,0.2905,0.291,0.2474,0.0894,0.1047,0.104,0.1031,0.0972,0.0942,0.2549,0.284,0.2807,0.2777,0.2727,0.2472,0.0866,0.0925,0.0965,0.0921,0.092,0.0865,0.2511,0.261,0.2601,0.2588,0.2638,0.2464
1115,0.5,30,0.091,0.502,0.5323,0.5039,0.5093,0.0936,0.2487,0.376,0.3752,0.3747,0.3746,0.2597,0.0868,0.4209,0.4329,0.4445,0.4254,0.0897,0.2572,0.3574,0.3563,0.3578,0.365,0.2609,0.0901,0.3619,0.3274,0.366,0.3198,0.0883,0.2555,0.3504,0.3621,0.3429,0.3438,0.2611,0.0902,0.2452,0.222,0.2669,0.2625,0.0865,0.2589,0.331,0.3308,0.3338,0.3268,0.262,0.0886,0.191,0.1817,0.1761,0.1693,0.089,0.2586,0.3155,0.3084,0.3058,0.3086,0.2582,0.0885,0.124,0.124,0.1261,0.1246,0.0903,0.2567,0.2943,0.2948,0.2915,0.2938,0.2544,0.0886,0.108,0.1025,0.1059,0.1017,0.0925,0.2603,0.2871,0.2844,0.2787,0.2764,0.2545,0.0862,0.0929,0.0988,0.0949,0.0921,0.0856,0.2551,0.2664,0.2641,0.2611,0.266,0.2528
1115,1,30,0.091,0.5004,0.4778,0.4944,0.4824,0.0926,0.2487,0.3691,0.3709,0.3667,0.3688,0.2588,0.0866,0.41,0.4078,0.4241,0.4015,0.0895,0.2567,0.3504,0.3523,0.358,0.3574,0.2601,0.0899,0.337,0.296,0.3522,0.3034,0.088,0.2548,0.3391,0.3527,0.3384,0.3432,0.2607,0.0896,0.2428,0.2366,0.251,0.2363,0.0863,0.258,0.3295,0.3244,0.3289,0.3259,0.2612,0.0884,0.1841,0.1754,0.1734,0.1576,0.0887,0.2576,0.3134,0.3089,0.3058,0.3056,0.2571,0.0883,0.1307,0.1256,0.1253,0.1208,0.0899,0.2559,0.2949,0.2897,0.2867,0.2902,0.2527,0.0884,0.1078,0.1061,0.1051,0.1011,0.0918,0.2585,0.2837,0.2801,0.2763,0.2735,0.2532,0.086,0.0922,0.0988,0.0947,0.0929,0.0854,0.2537,0.2629,0.2624,0.2612,0.2648,0.2518
1115,1.5,30,0.0911,0.5582,0.5338,0.55,0.5422,0.0923,0.2474,0.3594,0.3624,0.3662,0.3751,0.2571,0.0866,0.4599,0.4589,0.4806,0.4516,0.0894,0.255,0.3458,0.3463,0.3537,0.3558,0.2585,0.0898,0.3788,0.3354,0.3846,0.3472,0.0879,0.2531,0.3431,0.3528,0.3364,0.3417,0.2588,0.0894,0.2776,0.2556,0.2863,0.2617,0.0863,0.2561,0.3236,0.3217,0.3224,0.323,0.2589,0.0883,0.1952,0.1866,0.1921,0.1744,0.0889,0.2562,0.3113,0.3012,0.3033,0.3027,0.2551,0.0881,0.1373,0.1299,0.1337,0.1307,0.0899,0.2542,0.2888,0.2877,0.2871,0.2899,0.251,0.0883,0.1134,0.1096,0.1117,0.1042,0.0916,0.2567,0.2791,0.2801,0.2746,0.2689,0.2511,0.0859,0.0946,0.1007,0.0968,0.0937,0.0853,0.2519,0.2601,0.2576,0.2586,0.2618,0.2504
1115,2,30,0.0908,0.6306,0.6017,0.6197,0.613,0.0919,0.2457,0.3601,0.3633,0.3616,0.3687,0.2549,0.0864,0.5254,0.5287,0.5467,0.5138,0.0892,0.253,0.3432,0.3435,0.3476,0.3514,0.2563,0.0895,0.4405,0.3924,0.4416,0.4083,0.088,0.2511,0.3361,0.3535,0.3295,0.3414,0.2569,0.0892,0.3222,0.2978,0.3312,0.3043,0.0862,0.2546,0.3191,0.3183,0.3243,0.3216,0.2572,0.0881,0.2165,0.2071,0.2141,0.1959,0.0883,0.2541,0.3064,0.2998,0.3006,0.3033,0.2536,0.0879,0.1479,0.1432,0.1446,0.1413,0.0895,0.2519,0.2848,0.2864,0.2861,0.2871,0.2494,0.0879,0.1182,0.1156,0.1171,0.1104,0.0914,0.2547,0.2773,0.2755,0.2709,0.2728,0.2494,0.0858,0.096,0.1039,0.0993,0.0962,0.0851,0.2495,0.2602,0.257,0.2586,0.2605,0.2482
1115,2.5,30,0.091,0.6976,0.6693,0.6894,0.6821,0.0927,0.2445,0.3609,0.3583,0.3688,0.3562,0.2541,0.0864,0.5939,0.5969,0.6154,0.5833,0.089,0.2518,0.336,0.3419,0.3401,0.3533,0.255,0.0895,0.5018,0.4556,0.5081,0.4745,0.088,0.2498,0.3399,0.3467,0.3251,0.3371,0.2553,0.0892,0.3721,0.3475,0.3844,0.3558,0.0864,0.2531,0.3208,0.3185,0.3227,0.3155,0.256,0.0882,0.2447,0.2338,0.2427,0.2211,0.0886,0.253,0.3011,0.2994,0.3015,0.2985,0.2525,0.0879,0.1647,0.1589,0.1615,0.1567,0.0897,0.2512,0.2855,0.2869,0.2773,0.2881,0.2482,0.0882,0.1262,0.1253,0.1261,0.1183,0.0916,0.2534,0.2763,0.2731,0.2697,0.2692,0.2482,0.0858,0.0985,0.1086,0.1033,0.0992,0.0853,0.2483,0.2564,0.255,0.2546,0.2566,0.2472
1115,3,30,0.0909,0.7652,0.7394,0.7568,0.7496,0.0922,0.243,0.3553,0.3557,0.3639,0.3554,0.2525,0.0865,0.6595,0.6706,0.6844,0.6491,0.0887,0.25,0.3389,0.3366,0.3466,0.3487,0.2534,0.0891,0.5682,0.5203,0.5731,0.5387,0.0878,0.2488,0.3285,0.3513,0.3272,0.3319,0.254,0.0891,0.4289,0.4012,0.4398,0.4118,0.0862,0.2518,0.3212,0.314,0.3192,0.3131,0.2545,0.0881,0.2828,0.2675,0.2811,0.2549,0.0882,0.2516,0.3041,0.2977,0.2954,0.2961,0.251,0.0879,0.1831,0.1787,0.181,0.1755,0.0897,0.2495,0.288,0.2825,0.2786,0.284,0.2471,0.088,0.1371,0.136,0.1375,0.1281,0.0914,0.2518,0.2712,0.271,0.2679,0.267,0.247,0.0857,0.1021,0.1134,0.108,0.1033,0.0853,0.2465,0.2539,0.2525,0.2529,0.2571,0.2458
1115,3.5,30,0.0907,0.825,0.8048,0.8209,0.8196,0.092,0.242,0.3576,0.3498,0.3575,0.3626,0.2512,0.0864,0.7289,0.741,0.75,0.7188,0.0887,0.2488,0.3478,0.3202,0.3428,0.3405,0.2521,0.0891,0.6321,0.587,0.638,0.6087,0.0879,0.2472,0.3267,0.3458,0.318,0.3313,0.253,0.089,0.4905,0.4641,0.5072,0.4753,0.0864,0.2506,0.3143,0.3082,0.3178,0.3084,0.2533,0.088,0.3304,0.3113,0.3253,0.2971,0.0882,0.2501,0.3023,0.2953,0.2949,0.2955,0.2495,0.0879,0.2052,0.2017,0.2065,0.1988,0.0896,0.2482,0.2812,0.2818,0.28,0.2818,0.2457,0.0882,0.1537,0.1506,0.1516,0.1414,0.0923,0.2504,0.2682,0.2701,0.2667,0.2651,0.2458,0.0858,0.106,0.1207,0.1147,0.1083,0.0852,0.2449,0.251,0.2486,0.2534,0.2568,0.2446
1115,4,30,0.091,0.8876,0.8731,0.8832,0.8867,0.0922,0.2406,0.3606,0.3511,0.356,0.3504,0.2496,0.0866,0.7983,0.8141,0.83,0.7867,0.0887,0.2478,0.3351,0.3338,0.3445,0.3379,0.2508,0.0891,0.7006,0.6589,0.7112,0.6795,0.0878,0.246,0.3257,0.3441,0.319,0.331,0.2514,0.0889,0.5569,0.5318,0.5744,0.5426,0.0864,0.2495,0.3142,0.3051,0.3133,0.3147,0.2521,0.088,0.3863,0.3639,0.38,0.351,0.0885,0.2489,0.3026,0.2939,0.2924,0.3019,0.2485,0.0877,0.2343,0.2313,0.2346,0.2259,0.0898,0.2471,0.2824,0.2824,0.274,0.2823,0.2447,0.0882,0.1699,0.1694,0.1692,0.1594,0.0942,0.2489,0.2719,0.2687,0.2675,0.2608,0.2445,0.0857,0.112,0.1307,0.1239,0.1153,0.0852,0.2436,0.2504,0.2506,0.2507,0.2541,0.2434
1115,4.5,30,0.0912,0.9405,0.9312,0.9401,0.9453,0.0924,0.2398,0.3584,0.3594,0.3583,0.3581,0.249,0.0866,0.8641,0.8811,0.8984,0.8657,0.0886,0.2464,0.3456,0.337,0.341,0.3335,0.2493,0.089,0.7659,0.7302,0.7748,0.7539,0.0879,0.245,0.3327,0.349,0.3136,0.3249,0.2504,0.089,0.6269,0.5994,0.6438,0.6141,0.0863,0.2483,0.3144,0.304,0.3054,0.3036,0.2507,0.0881,0.4476,0.422,0.4408,0.4115,0.0884,0.2476,0.2989,0.2954,0.2928,0.2911,0.2467,0.0878,0.2673,0.2677,0.2725,0.2623,0.09,0.2461,0.275,0.2735,0.2765,0.279,0.2434,0.0878,0.1928,0.1925,0.1917,0.1798,0.0926,0.2478,0.2688,0.2678,0.2649,0.2618,0.2432,0.0857,0.1196,0.1433,0.1362,0.124,0.0853,0.2424,0.2541,0.2497,0.2502,0.2521,0.2415
1115,5,30,0.0913,0.9755,0.9686,0.9763,0.9782,0.0923,0.2384,0.3481,0.3517,0.3521,0.3479,0.2478,0.0864,0.9213,0.9448,0.9605,0.9184,0.0887,0.2449,0.3317,0.3294,0.3376,0.3392,0.2482,0.0892,0.8331,0.8011,0.843,0.8305,0.0877,0.2437,0.3233,0.3467,0.3182,0.3173,0.2491,0.089,0.7013,0.6753,0.7141,0.69,0.0865,0.247,0.3073,0.3114,0.3119,0.302,0.2496,0.0882,0.5133,0.4877,0.5101,0.4772,0.0882,0.2465,0.2988,0.291,0.2854,0.294,0.2455,0.0878,0.3116,0.3139,0.3155,0.3081,0.0898,0.2448,0.2781,0.2736,0.2794,0.2735,0.2422,0.0881,0.2187,0.221,0.2192,0.2059,0.0919,0.2463,0.2662,0.2648,0.2602,0.2615,0.2419,0.0858,0.1306,0.1602,0.1515,0.1356,0.0853,0.2409,0.2487,0.2508,0.2522,0.2508,0.2404
1115,5.5,30,0.0912,0.9817,0.9773,0.9885,0.9868,0.0922,0.2379,0.3499,0.3629,0.3539,0.3786,0.2463,0.0864,0.9604,0.9879,0.9996,0.9661,0.0888,0.244,0.322,0.3199,0.3324,0.3392,0.2472,0.0892,0.8974,0.8637,0.9026,0.8884,0.0882,0.2428,0.3203,0.3443,0.3163,0.3154,0.2481,0.0887,0.7645,0.7445,0.7898,0.7589,0.0866,0.2462,0.3119,0.3134,0.3186,0.2975,0.2482,0.0879,0.5833,0.5553,0.5776,0.5502,0.088,0.2453,0.2996,0.2888,0.2859,0.2884,0.2446,0.0875,0.3624,0.3667,0.3714,0.3629,0.0902,0.2435,0.2741,0.277,0.2757,0.276,0.2413,0.088,0.2527,0.2543,0.2532,0.2399,0.0914,0.2452,0.2663,0.2625,0.2621,0.2599,0.241,0.0857,0.143,0.1804,0.1702,0.151,0.0853,0.2395,0.2467,0.2472,0.248,0.2488,0.2391
1115,6,30,0.0914,0.9825,0.9773,0.9941,0.9907,0.0918,0.2365,0.3423,0.3504,0.3462,0.3427,0.2455,0.0864,0.9762,1.0009,1.0186,0.9733,0.0888,0.243,0.3278,0.3309,0.3351,0.3223,0.246,0.0892,0.95,0.9197,0.9537,0.939,0.0882,0.2417,0.3225,0.3446,0.3256,0.3184,0.2467,0.0889,0.8307,0.8123,0.8561,0.8268,0.0868,0.2454,0.311,0.3004,0.3239,0.2955,0.2474,0.0877,0.6554,0.6314,0.6517,0.6228,0.0882,0.2443,0.2912,0.281,0.2875,0.2891,0.2435,0.0878,0.4215,0.4285,0.4309,0.4242,0.0909,0.2427,0.2722,0.2718,0.2726,0.2801,0.2405,0.0881,0.2925,0.2981,0.2952,0.2809,0.0917,0.2439,0.2653,0.2659,0.2598,0.26,0.24,0.086,0.1609,0.2064,0.1943,0.1695,0.0859,0.2383,0.2479,0.2451,0.2485,0.246,0.2377
1115,6.5,30,0.0916,0.9844,0.9764,0.9973,0.9929,0.0907,0.2354,0.342,0.3563,0.3738,0.3323,0.2441,0.0864,0.9809,1.0059,1.0225,0.9785,0.0885,0.2419,0.3281,0.3369,0.3409,0.3672,0.2446,0.0894,0.9697,0.9489,0.9767,0.9666,0.0884,0.2404,0.3137,0.3454,0.3242,0.3119,0.246,0.0889,0.8947,0.8756,0.9209,0.8889,0.0867,0.2446,0.3125,0.3008,0.3032,0.304,0.2458,0.0875,0.7271,0.7034,0.7266,0.6985,0.0881,0.2429,0.2954,0.2898,0.2862,0.2922,0.243,0.0876,0.4839,0.496,0.4996,0.4932,0.0912,0.2418,0.2712,0.2737,0.2678,0.2697,0.2395,0.0884,0.3448,0.3511,0.3476,0.3302,0.0923,0.2429,0.2676,0.2622,0.2572,0.2571,0.2393,0.0858,0.1819,0.2372,0.2229,0.1921,0.0855,0.2371,0.2437,0.2448,0.2475,0.2456,0.2372
1115,7,30,0.0917,0.9865,0.9773,0.9987,0.9952,0.0908,0.2343,0.3284,0.3261,0.3384,0.3427,0.2433,0.0866,0.9799,1.008,1.022,0.9819,0.0885,0.2408,0.3292,0.3334,0.3649,0.3191,0.2435,0.0896,0.9712,0.9538,0.9803,0.9702,0.0887,0.2395,0.3208,0.3197,0.3384,0.3101,0.2448,0.0888,0.9497,0.9281,0.9633,0.9398,0.0867,0.2434,0.3019,0.3105,0.3051,0.316,0.2448,0.0876,0.8031,0.7849,0.8017,0.7726,0.0883,0.2419,0.2874,0.2901,0.2857,0.2894,0.2417,0.0878,0.5501,0.5659,0.5728,0.5634,0.0916,0.2404,0.2724,0.269,0.2628,0.2723,0.2383,0.0885,0.401,0.4106,0.4043,0.3893,0.094,0.2417,0.2637,0.2559,0.2547,0.2555,0.2379,0.086,0.2085,0.2784,0.2601,0.2199,0.0859,0.236,0.2449,0.2432,0.2442,0.2462,0.2359
1115,7.5,30,0.092,0.9884,0.9759,1.0004,0.9965,0.0905,0.2338,0.317,0.3598,0.3497,0.3653,0.2429,0.087,0.9817,1.0102,1.0231,0.9832,0.0886,0.2399,0.3251,0.394,0.367,0.3477,0.2427,0.0898,0.9726,0.9552,0.9844,0.9711,0.0889,0.2385,0.3169,0.3234,0.328,0.3087,0.2432,0.0889,0.9763,0.9542,0.9883,0.964,0.087,0.2423,0.2943,0.3023,0.3038,0.3022,0.2439,0.0878,0.8646,0.8534,0.8708,0.8389,0.0884,0.2411,0.2806,0.2834,0.287,0.292,0.2407,0.0879,0.6187,0.6374,0.6437,0.6436,0.0923,0.2398,0.2681,0.2676,0.2648,0.2719,0.2375,0.089,0.4627,0.4804,0.4703,0.4594,0.0943,0.2406,0.2639,0.2578,0.2533,0.2531,0.2368,0.086,0.2408,0.3284,0.3059,0.2562,0.0863,0.2348,0.2435,0.2423,0.243,0.245,0.2347
1115,8,30,0.0921,0.9907,0.9777,1.0017,0.9975,0.0905,0.2324,0.3159,0.3303,0.3447,0.3309,0.2415,0.0867,0.9822,1.0124,1.0241,0.9844,0.0887,0.2384,0.3641,0.3496,0.3605,0.3727,0.2415,0.0898,0.9753,0.9572,0.9869,0.9741,0.0891,0.2376,0.3286,0.3448,0.3236,0.3062,0.2424,0.0889,0.9822,0.9586,0.9927,0.9673,0.0871,0.2413,0.3055,0.3059,0.3019,0.2924,0.2424,0.0878,0.925,0.9064,0.925,0.9063,0.088,0.2399,0.2917,0.2802,0.2799,0.2889,0.2394,0.0877,0.7052,0.7151,0.717,0.7231,0.0932,0.2385,0.2689,0.2667,0.2633,0.2701,0.2364,0.089,0.5311,0.5503,0.5435,0.5272,0.0942,0.2393,0.2605,0.2551,0.2513,0.2521,0.2356,0.086,0.2831,0.3844,0.3603,0.3011,0.0864,0.2334,0.2429,0.2404,0.2415,0.2428,0.2335
1115,8.5,30,0.0924,0.9922,0.9791,1.0028,0.9989,0.0907,0.2321,0.2943,0.3364,0.3426,0.3879,0.2401,0.0868,0.9834,1.0142,1.0261,0.9852,0.0889,0.2376,0.43,0.3669,0.3188,0.3139,0.2402,0.0899,0.9773,0.9598,0.9904,0.9763,0.0897,0.2363,0.3187,0.3209,0.321,0.3233,0.2411,0.0892,0.9823,0.96,0.9958,0.9697,0.0872,0.2405,0.2902,0.3083,0.2954,0.2873,0.2415,0.0884,0.9705,0.9555,0.9636,0.9492,0.0879,0.2389,0.2821,0.2784,0.2741,0.2829,0.2384,0.088,0.7733,0.7822,0.7887,0.8012,0.094,0.2374,0.267,0.2651,0.2601,0.2712,0.2356,0.0893,0.6005,0.6244,0.6142,0.6038,0.0952,0.2383,0.2574,0.2549,0.2545,0.2503,0.2346,0.086,0.3337,0.4513,0.4246,0.3558,0.0871,0.2321,0.2411,0.2407,0.2424,0.2438,0.2326
1115,9,30,0.0929,0.9938,0.9801,1.0033,1,0.0906,0.2309,0.3014,0.3211,0.3282,0.3223,0.2391,0.0873,0.9849,1.0147,1.0278,0.9846,0.0888,0.2365,0.3641,0.3092,0.3063,0.3304,0.2395,0.0901,0.9794,0.9624,0.9924,0.9784,0.0981,0.2354,0.3091,0.3227,0.3264,0.2983,0.2404,0.0895,0.9825,0.9619,0.9984,0.9731,0.0872,0.2396,0.2965,0.2885,0.2905,0.2838,0.2404,0.0886,0.9811,0.9691,0.9798,0.9602,0.0882,0.2378,0.2811,0.2817,0.2799,0.2822,0.2374,0.088,0.8437,0.8529,0.8651,0.8793,0.0951,0.2365,0.2628,0.2619,0.2579,0.271,0.2342,0.09,0.6812,0.7007,0.6875,0.6821,0.0958,0.2367,0.2621,0.2548,0.2484,0.2464,0.2338,0.0863,0.3935,0.5186,0.4937,0.4172,0.088,0.2307,0.2417,0.2415,0.2402,0.2416,0.2315
1115,9.5,30,0.0939,0.995,0.9821,1.004,1.001,0.0911,0.2299,0.312,0.2953,0.32,0.4555,0.2384,0.0877,0.9869,1.0155,1.0295,0.9834,0.0895,0.236,0.3581,0.3421,0.3233,0.286,0.2383,0.0908,0.9816,0.9653,0.995,0.9811,0.0953,0.2347,0.309,0.3217,0.3205,0.279,0.2391,0.0902,0.9827,0.966,1.0015,0.9764,0.0879,0.2387,0.2969,0.2883,0.3051,0.2911,0.2397,0.0896,0.9837,0.9708,0.9831,0.9656,0.0879,0.2373,0.2861,0.2736,0.277,0.2835,0.2365,0.0883,0.9009,0.9166,0.9288,0.9442,0.0969,0.2357,0.2708,0.2627,0.2661,0.2628,0.2335,0.0907,0.7437,0.7765,0.7684,0.7534,0.0974,0.2362,0.2531,0.2494,0.2502,0.2464,0.233,0.0867,0.4675,0.5935,0.5689,0.4866,0.0893,0.2301,0.2389,0.2395,0.2415,0.2397,0.2306
1115,10,30,0.0945,0.9963,0.9823,1.004,1.0032,0.0916,0.2292,0.2807,0.306,0.3112,0.2914,0.2371,0.0877,0.9878,1.0169,1.0303,0.9846,0.0896,0.2345,0.3372,0.3231,0.294,0.2934,0.2374,0.0915,0.9834,0.9664,0.9965,0.9833,0.098,0.2336,0.3153,0.3369,0.3109,0.2942,0.2383,0.0911,0.9831,0.9683,1.0044,0.9784,0.0877,0.2377,0.2779,0.2696,0.3365,0.297,0.2386,0.0906,0.9869,0.9727,0.9848,0.9664,0.0875,0.236,0.2856,0.2734,0.285,0.2817,0.2354,0.0885,0.9418,0.957,0.9666,0.98,0.0986,0.2347,0.2602,0.2683,0.2587,0.2619,0.2323,0.0916,0.817,0.8466,0.8424,0.8304,0.0986,0.2349,0.2548,0.2492,0.2494,0.2485,0.2357,0.0871,0.5432,0.6725,0.6437,0.5647,0.0907,0.2288,0.2385,0.2396,0.237,0.2397,0.2294
1115,10.5,30,0.0958,0.998,0.9841,1.0053,1.0037,0.0913,0.2275,0.2852,0.3185,0.3336,0.468,0.2368,0.0884,0.9899,1.0175,1.0333,0.9855,0.0901,0.2336,0.2853,0.316,0.352,0.2978,0.236,0.0926,0.9862,0.9691,0.9994,0.9859,0.0972,0.2326,0.3072,0.3239,0.3178,0.3208,0.2376,0.0921,0.9838,0.9703,1.0073,0.9788,0.0882,0.2366,0.2917,0.2771,0.3561,0.289,0.2377,0.092,0.9895,0.9777,0.9893,0.9697,0.088,0.235,0.281,0.2721,0.2805,0.2744,0.2344,0.0889,0.9518,0.9647,0.9719,0.9813,0.1013,0.2337,0.2577,0.2616,0.2613,0.2607,0.2315,0.0927,0.8802,0.9124,0.9123,0.8972,0.1017,0.2338,0.2515,0.2524,0.248,0.2481,0.2389,0.0878,0.6317,0.749,0.7241,0.6455,0.0931,0.228,0.2377,0.2383,0.2397,0.2402,0.2286
1115,11,30,0.0974,0.9992,0.985,1.0074,1.0057,0.0927,0.2272,0.2817,0.3713,0.3438,0.6015,0.2352,0.0891,0.9911,1.0183,1.035,0.9873,0.0914,0.2326,0.2868,0.2972,0.304,0.2872,0.2355,0.094,0.9891,0.9706,1.0014,0.9871,0.0941,0.2317,0.3042,0.3112,0.2853,0.2816,0.2365,0.0934,0.9847,0.9731,1.0103,0.9818,0.0888,0.2358,0.2823,0.2764,0.2935,0.3009,0.2364,0.0944,0.9932,0.9812,0.992,0.9714,0.0881,0.2341,0.2876,0.263,0.2691,0.2757,0.2333,0.0893,0.9544,0.9667,0.9748,0.9845,0.1049,0.2325,0.2575,0.2652,0.2547,0.2638,0.2306,0.0942,0.9421,0.9707,0.9671,0.9575,0.106,0.2325,0.249,0.2503,0.2461,0.2472,0.2294,0.0888,0.7233,0.8296,0.809,0.734,0.0961,0.2268,0.233,0.2364,0.2399,0.2359,0.2278
1115,11.5,30,0.0989,1.0003,0.9867,1.0076,1.0068,0.0946,0.2261,0.2732,0.3972,0.4858,0.4395,0.2345,0.0899,0.9925,1.019,1.0369,0.9876,0.0923,0.2319,0.2937,0.2798,0.3177,0.2743,0.2342,0.0961,0.9904,0.9721,1.0029,0.9895,0.0987,0.2307,0.2976,0.3083,0.3117,0.2769,0.2355,0.0954,0.9877,0.9744,1.0115,0.9836,0.0892,0.235,0.2832,0.2771,0.3029,0.3115,0.2355,0.0978,0.9957,0.9834,0.9935,0.9726,0.088,0.2329,0.2819,0.2666,0.2671,0.2703,0.2325,0.0901,0.956,0.9703,0.9781,0.9871,0.1097,0.2316,0.2558,0.2628,0.2545,0.2642,0.2298,0.0962,0.9801,1.0013,0.9946,0.9929,0.1108,0.2316,0.2479,0.2472,0.2464,0.2462,0.2289,0.0902,0.814,0.899,0.8873,0.813,0.0998,0.2256,0.2342,0.2346,0.233,0.2365,0.2266
1115,12,30,0.1013,1.0019,0.9882,1.0083,1.0083,0.0964,0.2251,0.2862,0.51,0.4105,0.3756,0.2336,0.0911,0.9944,1.0208,1.0385,0.9887,0.0937,0.2309,0.2937,0.2906,0.2895,0.3095,0.2335,0.0987,0.9919,0.9735,1.0043,0.9905,0.0974,0.2294,0.3799,0.3113,0.3176,0.2681,0.2348,0.0976,0.9882,0.9769,1.0129,0.9868,0.0898,0.2344,0.29,0.2697,0.3094,0.3051,0.2348,0.1022,0.9981,0.9855,0.9956,0.9753,0.0877,0.2322,0.2956,0.2643,0.2691,0.2729,0.2318,0.091,0.9581,0.9738,0.9813,0.9892,0.1148,0.2305,0.2554,0.2587,0.2601,0.2614,0.2288,0.0985,0.9885,1.0107,1.0023,0.9989,0.1168,0.2306,0.2463,0.2467,0.2509,0.2403,0.2281,0.092,0.9094,0.97,0.9641,0.8942,0.1049,0.2245,0.2324,0.2333,0.2343,0.2339,0.226
1115,12.5,30,0.1044,1.0029,0.9893,1.0094,1.01,0.0978,0.2236,0.2914,0.5752,0.6055,0.3059,0.2333,0.0924,0.996,1.022,1.0396,0.9894,0.0955,0.2299,0.2735,0.2858,0.2864,0.4275,0.2325,0.1026,0.9935,0.9756,1.0064,0.9929,0.0974,0.2287,0.3113,0.3299,0.3079,0.2825,0.2341,0.1016,0.9896,0.9789,1.0142,0.9877,0.0908,0.2332,0.279,0.2694,0.2902,0.2608,0.2339,0.1082,1.0002,0.9868,0.9988,0.9774,0.0882,0.2311,0.2854,0.2633,0.2866,0.2718,0.2307,0.0924,0.9602,0.9774,0.9837,0.993,0.1224,0.2299,0.2519,0.2544,0.2517,0.2639,0.2281,0.1024,0.9916,1.014,1.0049,1.0011,0.1238,0.2295,0.2515,0.2401,0.2405,0.2392,0.2271,0.0951,0.9875,1.033,1.0297,0.9662,0.1126,0.2236,0.2287,0.2306,0.23,0.2339,0.2254
1115,13,30,0.1089,1.0039,0.9906,1.0109,1.0116,0.1024,0.2223,0.3011,0.6716,0.3748,0.335,0.2321,0.0942,0.998,1.0229,1.0414,0.9914,0.0983,0.2288,0.2821,0.3393,0.323,0.3461,0.2318,0.1074,0.9951,0.9767,1.0086,0.9944,0.1002,0.2278,0.2956,0.2949,0.2796,0.2677,0.2326,0.1068,0.991,0.9812,1.017,0.9903,0.0919,0.2323,0.2704,0.2696,0.2822,0.2736,0.2327,0.1158,1.0029,0.9894,1.0003,0.98,0.0886,0.2303,0.2789,0.262,0.2748,0.2653,0.2298,0.094,0.9619,0.9803,0.9872,0.9947,0.1327,0.2289,0.2553,0.2609,0.2453,0.2584,0.2271,0.1063,0.9944,1.0181,1.0095,1.0047,0.1334,0.2286,0.243,0.2405,0.2383,0.2392,0.2261,0.0991,1.0156,1.0641,1.0538,1.005,0.1222,0.2225,0.2322,0.2304,0.2301,0.2336,0.2239
1115,13.5,30,0.1139,1.005,0.9916,1.0118,1.0123,0.1062,0.2209,0.2824,0.3787,0.5135,0.3537,0.2309,0.0973,0.9986,1.0234,1.043,0.9928,0.1009,0.2278,0.2935,0.2699,0.2852,0.2697,0.2307,0.1132,0.9968,0.9782,1.0096,0.9964,0.1037,0.2266,0.2908,0.2979,0.294,0.2622,0.2315,0.1143,0.9933,0.9826,1.018,0.9921,0.0932,0.2311,0.2791,0.2632,0.2773,0.2821,0.2318,0.1265,1.0041,0.9915,1.0012,0.9804,0.0889,0.229,0.2856,0.267,0.2768,0.2662,0.2288,0.0966,0.9641,0.983,0.9905,0.9967,0.1436,0.2275,0.2528,0.2615,0.2453,0.2602,0.226,0.1123,0.9993,1.0217,1.0127,1.0089,0.1439,0.2272,0.2391,0.2376,0.2372,0.2401,0.2252,0.1043,1.0268,1.0729,1.0606,1.0128,0.1328,0.2206,0.2274,0.231,0.2289,0.2327,0.2227
1115,14,30,0.1207,1.0061,0.9931,1.0128,1.0143,0.1141,0.2197,0.3322,0.3946,0.5166,0.369,0.2299,0.1014,1.0003,1.0254,1.0441,0.9946,0.1043,0.2269,0.2827,0.3339,0.2718,0.263,0.2298,0.1215,0.9982,0.9795,1.0116,0.9984,0.1071,0.2255,0.3007,0.2968,0.3062,0.2729,0.2311,0.1236,0.9955,0.9846,1.0195,0.9957,0.0951,0.2308,0.2671,0.2592,0.2795,0.2947,0.2307,0.1387,1.0066,0.9938,1.004,0.9829,0.0898,0.2282,0.296,0.2592,0.2584,0.281,0.2278,0.0994,0.9659,0.9855,0.9932,0.9992,0.1586,0.2268,0.2487,0.2536,0.2441,0.2556,0.2252,0.1203,1.003,1.025,1.0163,1.0129,0.16,0.2263,0.2372,0.2383,0.2365,0.2348,0.2243,0.1114,1.0324,1.078,1.0659,1.0204,0.1466,0.2196,0.2271,0.2254,0.2297,0.2318,0.2221
1115,14.5,30,0.1313,1.0073,0.9944,1.015,1.0157,0.1222,0.2185,0.2914,0.3202,0.6403,0.3904,0.2291,0.106,1.0012,1.0261,1.0455,0.9961,0.1097,0.226,0.3508,0.2498,0.2927,0.3743,0.2291,0.1324,0.9998,0.9815,1.0128,0.9997,0.1124,0.225,0.2823,0.3038,0.3117,0.2968,0.2296,0.1357,0.9959,0.986,1.0212,0.9965,0.0974,0.2297,0.2832,0.2662,0.2668,0.2706,0.23,0.155,1.0075,0.9957,1.0059,0.9843,0.0919,0.2273,0.2646,0.2622,0.2532,0.2622,0.2271,0.1037,0.9674,0.9874,0.9936,1.0014,0.1777,0.226,0.2507,0.2517,0.244,0.2505,0.2247,0.1298,1.0041,1.0284,1.0196,1.0156,0.1791,0.2251,0.2415,0.2361,0.2366,0.2391,0.2236,0.1204,1.0373,1.0813,1.0697,1.0256,0.1644,0.2185,0.2263,0.2274,0.2267,0.2319,0.2212
1115,15,30,0.144,1.009,0.9949,1.0149,1.0167,0.1337,0.2169,0.2588,0.2721,0.5392,0.579,0.2278,0.1128,1.0029,1.0278,1.047,0.9972,0.1165,0.2248,0.259,0.2661,0.294,0.2716,0.2278,0.145,1.0014,0.9827,1.0149,1.0021,0.1195,0.2237,0.3028,0.2828,0.2729,0.2867,0.2287,0.1516,0.9975,0.9877,1.0224,0.9986,0.1,0.2288,0.4458,0.2959,0.2762,0.2619,0.2288,0.1756,1.0099,0.9975,1.0074,0.9864,0.0946,0.2262,0.2964,0.2564,0.2586,0.2627,0.2262,0.109,0.9698,0.9896,0.9956,1.0027,0.2026,0.2248,0.2473,0.249,0.2425,0.2497,0.2241,0.1423,1.0075,1.031,1.0235,1.0196,0.2021,0.2242,0.2386,0.2396,0.236,0.2404,0.2227,0.132,1.039,1.0831,1.0728,1.0295,0.1865,0.2171,0.2257,0.2262,0.2252,0.2306,0.22
1115,15.5,30,0.1605,1.0092,0.9959,1.0166,1.0173,0.1506,0.2155,0.2609,0.2721,0.4402,0.6963,0.2271,0.1209,1.004,1.0292,1.0471,0.9983,0.1238,0.2238,0.2772,0.2497,0.2821,0.2645,0.2268,0.162,1.0032,0.9837,1.0161,1.0035,0.1284,0.2225,0.2844,0.2929,0.2639,0.2516,0.228,0.1713,0.9982,0.9906,1.0244,1,0.1038,0.2278,0.2656,0.2589,0.2741,0.2619,0.2278,0.2028,1.0116,0.9997,1.009,0.9885,0.0978,0.225,0.2592,0.256,0.2734,0.2852,0.2252,0.1161,0.971,0.9912,0.9968,1.0052,0.2334,0.2237,0.2445,0.249,0.2475,0.2502,0.2225,0.1571,1.0089,1.0337,1.0241,1.0221,0.2299,0.2228,0.2384,0.2319,0.2329,0.2342,0.2213,0.1468,1.0411,1.0856,1.0752,1.0334,0.2142,0.2163,0.2212,0.2241,0.2274,0.2284,0.219
1115,16,30,0.1813,1.0111,0.9973,1.0176,1.0193,0.1719,0.2148,0.2522,0.2847,0.6,0.5594,0.226,0.1307,1.0051,1.0303,1.0484,0.9998,0.134,0.2229,0.2722,0.2649,0.2691,0.2734,0.2261,0.1832,1.0044,0.986,1.0169,1.006,0.1393,0.2215,0.2872,0.2902,0.2733,0.2795,0.2272,0.1972,1.0002,0.9921,1.0269,1.0016,0.1087,0.227,0.2712,0.2464,0.2764,0.27,0.2268,0.2377,1.0126,1.0009,1.0104,0.9898,0.1026,0.224,0.2578,0.2536,0.2535,0.2769,0.2245,0.124,0.9738,0.9947,1.0012,1.0067,0.2717,0.2227,0.2454,0.2447,0.2392,0.2472,0.2217,0.1778,1.0115,1.0365,1.0269,1.0262,0.2622,0.2216,0.2364,0.2331,0.232,0.2316,0.2203,0.1664,1.0422,1.0851,1.0769,1.0364,0.2475,0.2148,0.2216,0.222,0.2244,0.2283,0.2184