Date,Time,Temp,MEDIA,CELL_1_1,CELL_1_2,CELL_1_3,CELL_1_4,MEDIA,BSA,BSA_09_1,BSA_09_2,BSA_09_3,BSA_09_4,BSA,MEDIA,CELL_08_1,CELL_08_2,CELL_08_3,CELL_08_4,MEDIA,BSA,BSA_08_1,BSA_08_2,BSA_08_3,BSA_08_4,BSA,MEDIA,CELL_06_1,CELL_06_2,CELL_06_3,CELL_06_4,MEDIA,BSA,BSA_07_1,BSA_07_2,BSA_07_3,BSA_07_4,BSA,MEDIA,CELL_04_1,CELL_04_2,CELL_04_3,CELL_04_4,MEDIA,BSA,BSA_06_1,BSA_06_2,BSA_06_3,BSA_06_4,BSA,MEDIA,CELL_02_1,CELL_02_2,CELL_02_3,CELL_02_4,MEDIA,BSA,BSA_05_1,BSA_05_2,BSA_05_3,BSA_05_4,BSA,MEDIA,CELL_01_1,CELL_01_2,CELL_01_3,CELL_01_4,MEDIA,BSA,BSA_04_1,BSA_04_2,BSA_04_3,BSA_04_4,BSA,MEDIA,CELL_005_1,CELL_005_2,CELL_005_3,CELL_005_4,MEDIA,BSA,BSA_03_1,BSA_03_2,BSA_03_3,BSA_03_4,BSA,MEDIA,CELL_0025_1,CELL_0025_2,CELL_0025_3,CELL_0025_4,MEDIA,BSA,BSA_02_1,BSA_02_2,BSA_02_3,BSA_02_4,BSA
918,0,28.1,0.0976,0.4988,0.442,0.4442,0.4697,0.1011,0.2208,0.3923,0.3818,0.3855,0.3796,0.2342,0.0951,0.3744,0.3644,0.3737,0.4166,0.096,0.2172,0.3594,0.3683,0.3705,0.359,0.2288,0.094,0.4169,0.3094,0.34,0.314,0.0982,0.2235,0.3355,0.3366,0.3423,0.3344,0.2309,0.0945,0.2896,0.2525,0.2891,0.26,0.0955,0.2261,0.3346,0.3275,0.329,0.3222,0.2308,0.092,0.2013,0.1916,0.1984,0.1931,0.0955,0.2178,0.3123,0.3124,0.3099,0.3022,0.229,0.0921,0.1652,0.1655,0.1917,0.1574,0.0939,0.2208,0.2976,0.2962,0.3041,0.2951,0.2291,0.0901,0.1392,0.1262,0.1312,0.1358,0.0929,0.214,0.2744,0.2674,0.2688,0.2658,0.2268,0.0917,0.1169,0.1081,0.1058,0.1151,0.0943,0.2285,0.2522,0.2506,0.2487,0.2501,0.2238
918,1,30,0.0962,0.5043,0.4719,0.4864,0.4725,0.0974,0.2265,0.3822,0.3728,0.3758,0.3685,0.2436,0.0951,0.3811,0.3871,0.4018,0.4395,0.0943,0.2256,0.35,0.3597,0.3652,0.3537,0.2422,0.0943,0.3929,0.334,0.3451,0.3517,0.0948,0.2318,0.334,0.3322,0.3359,0.3313,0.2392,0.0943,0.2975,0.2755,0.3226,0.2658,0.0937,0.2341,0.3339,0.3277,0.3225,0.3179,0.2409,0.0915,0.2271,0.2395,0.2241,0.2152,0.0919,0.228,0.3135,0.3136,0.3079,0.3057,0.2393,0.0916,0.1918,0.1784,0.1929,0.1554,0.0922,0.2299,0.3004,0.2981,0.3096,0.2948,0.2397,0.0898,0.1437,0.1306,0.1352,0.1411,0.0912,0.222,0.2763,0.2687,0.2709,0.2688,0.2366,0.0912,0.12,0.1193,0.1153,0.1187,0.0928,0.2373,0.2554,0.2544,0.2516,0.254,0.2346
918,2,30,0.0958,0.619,0.5882,0.5984,0.5737,0.0973,0.2257,0.3743,0.3635,0.3665,0.3564,0.2426,0.0949,0.4746,0.4829,0.5036,0.5608,0.0945,0.2244,0.3387,0.3491,0.3594,0.3442,0.2366,0.0942,0.4925,0.409,0.4199,0.4294,0.0956,0.2296,0.3294,0.3288,0.3307,0.3289,0.2377,0.0936,0.3609,0.3344,0.3907,0.3235,0.0936,0.232,0.3242,0.3217,0.3178,0.3157,0.2392,0.0914,0.2431,0.2566,0.2321,0.2336,0.0915,0.2263,0.306,0.3059,0.3022,0.2987,0.2375,0.0912,0.2079,0.1854,0.2095,0.1722,0.0916,0.228,0.2963,0.2949,0.3019,0.2902,0.2381,0.0898,0.1537,0.1449,0.1505,0.1527,0.0908,0.2202,0.2698,0.266,0.2677,0.2657,0.2348,0.091,0.1269,0.1309,0.1232,0.1239,0.0919,0.2356,0.2526,0.2509,0.2492,0.2512,0.2329
918,3,30,0.0962,0.7378,0.7137,0.7212,0.6992,0.0963,0.2241,0.3618,0.3513,0.3589,0.3537,0.2407,0.0943,0.5907,0.6011,0.6231,0.6844,0.0944,0.2228,0.3377,0.3421,0.3582,0.3415,0.2353,0.0941,0.607,0.52,0.5218,0.5432,0.095,0.2276,0.3243,0.3209,0.3233,0.3205,0.2361,0.0933,0.4638,0.4294,0.488,0.4146,0.0951,0.2304,0.3216,0.3113,0.3114,0.3112,0.238,0.0913,0.3109,0.327,0.2921,0.2941,0.0924,0.2244,0.3037,0.3013,0.3036,0.2936,0.2359,0.0907,0.2562,0.223,0.2561,0.205,0.0927,0.2261,0.2897,0.2905,0.2976,0.2864,0.2364,0.0896,0.1816,0.1698,0.1777,0.1779,0.0911,0.2184,0.2676,0.2632,0.266,0.2643,0.2331,0.0908,0.144,0.1533,0.142,0.1389,0.0915,0.2336,0.2491,0.2486,0.247,0.2499,0.2312
918,4,30,0.096,0.8585,0.844,0.8492,0.8304,0.0966,0.2229,0.3612,0.3566,0.3501,0.3452,0.2401,0.0937,0.7251,0.7347,0.7574,0.8158,0.0944,0.2214,0.3364,0.3389,0.3461,0.3261,0.2341,0.094,0.7284,0.6528,0.6469,0.6742,0.0949,0.226,0.3116,0.3181,0.319,0.3144,0.235,0.0925,0.5912,0.5522,0.6163,0.534,0.093,0.2288,0.3173,0.3079,0.3155,0.3089,0.2368,0.0914,0.4009,0.431,0.3831,0.3883,0.0916,0.2229,0.2935,0.3009,0.2981,0.2914,0.2346,0.0907,0.3397,0.2901,0.3339,0.2632,0.0914,0.225,0.295,0.2836,0.2933,0.2888,0.2349,0.0896,0.2222,0.2109,0.2201,0.2221,0.0907,0.2171,0.2649,0.2623,0.2646,0.26,0.232,0.0903,0.1756,0.1899,0.175,0.1663,0.0913,0.2321,0.2464,0.2465,0.2447,0.2476,0.2303
918,5,30,0.0962,0.9513,0.9405,0.9469,0.9318,0.0974,0.2211,0.3453,0.3466,0.3514,0.345,0.2389,0.0945,0.8459,0.8591,0.876,0.9226,0.0949,0.2201,0.3216,0.336,0.3605,0.3228,0.2326,0.0938,0.8484,0.7872,0.776,0.8066,0.0966,0.2248,0.3098,0.3046,0.3151,0.3121,0.2339,0.0929,0.7329,0.6951,0.7602,0.6749,0.0942,0.2269,0.3102,0.3144,0.3141,0.3019,0.2354,0.0913,0.5235,0.5629,0.5009,0.5129,0.0922,0.222,0.3002,0.2959,0.2909,0.2907,0.2335,0.0907,0.4504,0.3904,0.4459,0.3528,0.0912,0.2233,0.2902,0.2814,0.2923,0.2859,0.2334,0.0894,0.2956,0.2769,0.2832,0.294,0.091,0.2156,0.262,0.2604,0.2612,0.2572,0.2302,0.0904,0.226,0.245,0.2239,0.2118,0.0909,0.23,0.2454,0.2432,0.2423,0.2445,0.2286
918,6,30,0.0965,0.9971,0.986,0.9971,0.9804,0.0953,0.2199,0.3509,0.3731,0.346,0.3423,0.2372,0.0938,0.9265,0.9369,0.9518,0.9829,0.094,0.2187,0.3157,0.3275,0.331,0.303,0.2313,0.0934,0.9328,0.8872,0.8799,0.9062,0.0947,0.2231,0.2975,0.3163,0.3147,0.3288,0.2323,0.0926,0.8571,0.8204,0.8806,0.8053,0.0949,0.2252,0.3066,0.2997,0.3016,0.3026,0.2338,0.0913,0.66,0.7061,0.6394,0.6547,0.0917,0.2204,0.2896,0.2958,0.2906,0.2936,0.2316,0.0904,0.586,0.5213,0.5747,0.471,0.0914,0.2218,0.2833,0.2816,0.2889,0.2848,0.2317,0.0891,0.3982,0.3759,0.3824,0.4001,0.0906,0.2142,0.2581,0.2572,0.2568,0.2559,0.2287,0.0901,0.3006,0.3334,0.303,0.2817,0.0904,0.2282,0.2423,0.2428,0.2381,0.2432,0.2271
918,7,30,0.0968,1.0087,0.9943,1.0036,0.9903,0.0958,0.2185,0.3414,0.3436,0.3331,0.3477,0.2357,0.0934,0.9559,0.9606,0.9767,1.0017,0.0943,0.2177,0.3065,0.3327,0.3356,0.3402,0.2301,0.0938,0.974,0.936,0.9328,0.9469,0.0948,0.2215,0.3257,0.3104,0.322,0.3069,0.2311,0.0923,0.9365,0.9038,0.9541,0.8933,0.0943,0.2239,0.3133,0.2946,0.3005,0.2891,0.2327,0.0913,0.785,0.8337,0.7752,0.791,0.0918,0.219,0.2929,0.2975,0.2866,0.2864,0.2307,0.0902,0.7335,0.6637,0.7126,0.6188,0.0913,0.2205,0.2836,0.2709,0.2902,0.2815,0.2309,0.0892,0.522,0.5031,0.5108,0.5368,0.0906,0.2128,0.2563,0.2547,0.256,0.2549,0.2276,0.09,0.4121,0.4567,0.4193,0.3828,0.09,0.2267,0.2411,0.2393,0.238,0.2421,0.226
918,8,30,0.0967,1.0074,0.9947,1.0014,0.9941,0.0964,0.2176,0.3298,0.346,0.3528,0.3496,0.2348,0.094,0.9587,0.9623,0.9781,1.0043,0.0938,0.216,0.3163,0.395,0.3314,0.3721,0.2288,0.0938,0.9778,0.9488,0.9421,0.9524,0.0954,0.2198,0.3088,0.3018,0.3186,0.3108,0.2299,0.0924,0.9681,0.9338,0.9797,0.9221,0.0933,0.2229,0.3111,0.3049,0.3024,0.3132,0.2312,0.0912,0.8736,0.9187,0.872,0.8823,0.0927,0.218,0.296,0.2896,0.2922,0.2825,0.2297,0.0905,0.8621,0.7908,0.8286,0.7574,0.0906,0.2194,0.2764,0.282,0.2908,0.2812,0.2295,0.0892,0.6673,0.6534,0.6528,0.6864,0.091,0.2112,0.2569,0.2522,0.2527,0.254,0.2265,0.0899,0.5541,0.6052,0.5616,0.5141,0.0898,0.2251,0.2398,0.2372,0.2369,0.2381,0.2249
918,9,30,0.0965,1.0076,0.9955,1.0011,0.9984,0.0964,0.222,0.3617,0.366,0.3603,0.3758,0.2335,0.0936,0.9624,0.9667,0.9834,1.0095,0.0944,0.2152,0.3518,0.3268,0.3348,0.3493,0.2274,0.0935,0.981,0.9479,0.9471,0.956,0.0953,0.218,0.2944,0.2985,0.3379,0.3272,0.2285,0.092,0.9721,0.9363,0.9817,0.9245,0.0928,0.2206,0.3318,0.2991,0.3123,0.2854,0.2298,0.0907,0.9155,0.956,0.9114,0.9183,0.0915,0.216,0.3028,0.301,0.2991,0.2846,0.2282,0.0899,0.9416,0.8772,0.9084,0.848,0.0906,0.2172,0.2831,0.2801,0.2855,0.2819,0.2279,0.0886,0.7997,0.7895,0.7889,0.8138,0.0911,0.2097,0.252,0.2561,0.2553,0.2554,0.2248,0.0895,0.7164,0.7583,0.7165,0.6622,0.0896,0.2232,0.2376,0.2352,0.2321,0.2378,0.2232
918,10,30,0.0968,1.0101,1.0003,1.0008,1.0022,0.096,0.2264,0.3327,0.3405,0.3796,0.3174,0.2322,0.0934,0.9669,0.9732,0.988,1.013,0.0938,0.214,0.2848,0.3054,0.3378,0.2882,0.2262,0.0934,0.9856,0.949,0.9519,0.9606,0.0952,0.2169,0.2907,0.3102,0.3229,0.2937,0.2273,0.092,0.9728,0.9424,0.9863,0.9297,0.0928,0.2196,0.3214,0.3015,0.3315,0.293,0.2289,0.0908,0.9277,0.9596,0.9198,0.9272,0.0921,0.2152,0.2917,0.2979,0.2866,0.2888,0.227,0.0901,0.962,0.9068,0.9294,0.879,0.0904,0.2163,0.2727,0.2808,0.2775,0.282,0.2265,0.0888,0.8943,0.887,0.8849,0.9009,0.0907,0.2085,0.2519,0.2497,0.2467,0.2498,0.2235,0.0894,0.8633,0.8999,0.8648,0.8068,0.0895,0.2216,0.2342,0.235,0.2305,0.2394,0.222
918,11,30,0.0967,1.0129,1.0044,1.0024,1.0053,0.0959,0.2271,0.3425,0.354,0.3219,0.3395,0.231,0.0926,0.9702,0.9782,0.9926,1.018,0.0943,0.2124,0.3119,0.3626,0.4061,0.3744,0.225,0.0932,0.9904,0.9513,0.957,0.9649,0.0939,0.215,0.2894,0.359,0.309,0.3089,0.2261,0.0915,0.9772,0.9469,0.9904,0.9326,0.0936,0.218,0.3241,0.2847,0.3095,0.3334,0.2276,0.0909,0.9366,0.9669,0.9284,0.9335,0.0914,0.2138,0.3054,0.2946,0.2933,0.286,0.2252,0.0897,0.9672,0.9117,0.9361,0.8902,0.0905,0.2144,0.2752,0.277,0.2775,0.2702,0.2253,0.0884,0.9384,0.9355,0.9315,0.9443,0.0902,0.2071,0.2556,0.2445,0.253,0.2491,0.2221,0.089,0.9634,0.999,0.9712,0.9124,0.0892,0.2196,0.2359,0.231,0.233,0.2343,0.2205
918,12,30,0.0969,1.0149,1.007,1.0053,1.0077,0.0962,0.226,0.3054,0.3198,0.3172,0.3331,0.2296,0.0927,0.9736,0.9819,0.9963,1.022,0.0939,0.2108,0.2875,0.2851,0.2771,0.2822,0.2238,0.0929,0.9913,0.9538,0.961,0.9691,0.0948,0.2136,0.2895,0.3154,0.276,0.316,0.2247,0.0914,0.9797,0.9506,0.9961,0.9376,0.0931,0.2163,0.3017,0.2889,0.3455,0.2766,0.2262,0.0904,0.9429,0.9724,0.9325,0.9395,0.0912,0.2124,0.318,0.2918,0.2721,0.3085,0.2242,0.0897,0.9725,0.9182,0.9434,0.8975,0.0901,0.2132,0.2563,0.2699,0.2746,0.275,0.2238,0.0883,0.9498,0.9416,0.9393,0.9485,0.0899,0.2056,0.2466,0.2433,0.2448,0.2477,0.2206,0.0887,1.0202,1.053,1.0258,0.9705,0.0889,0.218,0.2338,0.2342,0.2291,0.2315,0.2191
918,13,30,0.0968,1.0163,1.0086,1.008,1.0102,0.0956,0.2244,0.3123,0.3411,0.3114,0.3604,0.2289,0.0917,0.9771,0.9854,0.9996,1.026,0.094,0.2101,0.2853,0.2971,0.3007,0.2962,0.2227,0.0928,0.9952,0.9567,0.9649,0.9728,0.094,0.2123,0.2674,0.2762,0.2898,0.2937,0.2238,0.0911,0.9829,0.9547,1.0006,0.9409,0.0944,0.2151,0.2805,0.3363,0.2824,0.2737,0.2257,0.0907,0.9463,0.9778,0.9384,0.9423,0.0915,0.2111,0.2726,0.2748,0.274,0.2685,0.2232,0.0894,0.9782,0.922,0.9468,0.9012,0.0905,0.2119,0.2574,0.2612,0.2748,0.2859,0.2234,0.0881,0.9542,0.9488,0.9492,0.9551,0.0899,0.2043,0.2436,0.2406,0.2473,0.2496,0.2193,0.0883,1.0336,1.062,1.0322,0.9869,0.0888,0.2165,0.2329,0.2318,0.2282,0.2339,0.218
918,14,30,0.0967,1.0187,1.0096,1.0085,1.0125,0.0957,0.2211,0.2692,0.2962,0.2962,0.3624,0.2273,0.0919,0.9799,0.9897,1.0025,1.0298,0.0931,0.2083,0.2976,0.2677,0.2705,0.2623,0.2213,0.0924,0.9983,0.9599,0.9677,0.9753,0.0935,0.2103,0.2993,0.3014,0.287,0.2776,0.2223,0.091,0.9855,0.9565,1.0037,0.9451,0.0927,0.2136,0.2719,0.2887,0.3047,0.2672,0.2235,0.0899,0.9507,0.9808,0.94,0.9464,0.0907,0.2099,0.2871,0.2797,0.282,0.2749,0.222,0.089,0.9806,0.9251,0.9512,0.9048,0.0891,0.2105,0.2627,0.2588,0.2812,0.2641,0.2211,0.0877,0.962,0.9545,0.9539,0.9616,0.0893,0.2026,0.2381,0.2378,0.2451,0.247,0.218,0.0876,1.0383,1.0683,1.0395,0.9954,0.0881,0.2146,0.2326,0.2312,0.2261,0.2329,0.2165
918,15,30,0.0964,1.0217,1.0141,1.0118,1.0151,0.0949,0.2161,0.2709,0.2926,0.3308,0.3721,0.2262,0.0916,0.9838,0.9926,1.0057,1.0337,0.093,0.2075,0.3063,0.2574,0.2677,0.2796,0.2204,0.0926,1.0013,0.962,0.9711,0.9793,0.0929,0.2089,0.2685,0.2676,0.268,0.2554,0.221,0.0905,0.9896,0.9598,1.0081,0.9479,0.0922,0.212,0.2863,0.311,0.2703,0.3023,0.2226,0.0899,0.9531,0.9852,0.9459,0.9511,0.0915,0.2083,0.2619,0.2781,0.2613,0.2712,0.2207,0.089,0.9871,0.9297,0.9545,0.9098,0.0892,0.2091,0.26,0.261,0.2724,0.267,0.2196,0.0877,0.9654,0.9587,0.9596,0.9666,0.0894,0.201,0.2373,0.241,0.2489,0.2414,0.2166,0.0875,1.0456,1.0752,1.0459,1.0018,0.0875,0.2131,0.2285,0.2347,0.2261,0.2284,0.2151
918,16,30,0.0961,1.0245,1.0167,1.0141,1.0181,0.0949,0.2119,0.2881,0.281,0.327,0.4288,0.2252,0.0912,0.9871,0.9967,1.009,1.0365,0.0936,0.2064,0.2785,0.252,0.2901,0.2604,0.2192,0.0922,1.0041,0.9651,0.9735,0.9821,0.0938,0.2075,0.2565,0.2668,0.2709,0.2505,0.2197,0.0902,0.9914,0.9627,1.0118,0.9515,0.0934,0.2108,0.2775,0.2509,0.2813,0.2581,0.2217,0.0898,0.9566,0.9886,0.9476,0.9537,0.0905,0.2069,0.2506,0.295,0.2673,0.2774,0.2196,0.0887,0.9887,0.9327,0.9576,0.913,0.0884,0.2078,0.2567,0.2688,0.2667,0.2671,0.2188,0.0873,0.9698,0.963,0.965,0.9702,0.0888,0.199,0.2343,0.2374,0.2417,0.2375,0.2152,0.087,1.0501,1.0787,1.0512,1.0071,0.0869,0.211,0.2255,0.2287,0.2235,0.2269,0.214
918,17,30,0.0963,1.0263,1.0196,1.0166,1.0209,0.0942,0.2082,0.2826,0.296,0.3244,0.3912,0.2241,0.0908,0.9893,1.0003,1.0117,1.0404,0.0993,0.2047,0.2534,0.2802,0.2952,0.285,0.2178,0.0918,1.008,0.9674,0.9764,0.986,0.0934,0.2059,0.2557,0.2546,0.2653,0.267,0.2183,0.0899,0.9939,0.9654,1.0147,0.9546,0.0934,0.2092,0.2684,0.2489,0.2625,0.2814,0.2207,0.0898,0.9589,0.9928,0.9511,0.958,0.0909,0.2056,0.2507,0.2638,0.2667,0.2706,0.2185,0.0886,0.9927,0.9368,0.9596,0.9172,0.0893,0.2064,0.245,0.2466,0.2564,0.264,0.2176,0.087,0.9739,0.9663,0.9689,0.9764,0.0886,0.1976,0.2397,0.2386,0.2321,0.2354,0.2138,0.0863,1.0547,1.0819,1.0543,1.011,0.0866,0.2097,0.2213,0.2315,0.2194,0.2253,0.2122
918,18,30,0.0956,1.029,1.0214,1.018,1.0218,0.0935,0.2058,0.2686,0.3101,0.3285,0.4523,0.2224,0.0905,0.9917,1.0032,1.0149,1.0449,0.1065,0.2034,0.2521,0.3451,0.3195,0.2656,0.2166,0.0915,1.0117,0.9704,0.9776,0.9891,0.0931,0.2041,0.2855,0.2587,0.2524,0.2414,0.2174,0.0896,0.9964,0.9684,1.0179,0.9576,0.0927,0.2075,0.2605,0.2556,0.2535,0.264,0.2192,0.0894,0.9639,0.997,0.9538,0.9619,0.0901,0.2041,0.2491,0.2507,0.268,0.267,0.2171,0.0884,0.9959,0.9393,0.9634,0.92,0.0887,0.2044,0.2409,0.2453,0.2502,0.2524,0.2177,0.0867,0.9798,0.9713,0.9727,0.9788,0.0878,0.1959,0.2275,0.2375,0.234,0.236,0.2119,0.086,1.0568,1.0849,1.058,1.0157,0.086,0.2072,0.2186,0.2237,0.2191,0.2232,0.2104
918,19,30,0.0955,1.0319,1.0247,1.0199,1.0241,0.0929,0.2037,0.2998,0.3433,0.3416,0.4441,0.2212,0.0897,0.9952,1.0068,1.0184,1.0483,0.0933,0.2017,0.2467,0.2488,0.2546,0.264,0.2149,0.091,1.0133,0.9727,0.9806,0.992,0.0925,0.203,0.2541,0.264,0.2845,0.2853,0.216,0.0889,0.9983,0.9719,1.0203,0.9598,0.0921,0.2058,0.263,0.2452,0.2666,0.2596,0.2177,0.0888,0.9662,0.9997,0.9557,0.9644,0.0896,0.2022,0.2549,0.2569,0.2429,0.2498,0.2158,0.0878,0.9987,0.9426,0.9665,0.9239,0.0883,0.2027,0.2451,0.2736,0.2468,0.2651,0.2142,0.0861,0.9827,0.9744,0.9767,0.9838,0.0871,0.1941,0.2221,0.2268,0.2315,0.2319,0.2101,0.0853,1.0611,1.0872,1.0602,1.0205,0.0852,0.2053,0.2196,0.2198,0.2198,0.2232,0.209
918,20,30,0.0951,1.034,1.0266,1.0229,1.0266,0.0931,0.2027,0.269,0.3425,0.3612,0.4243,0.2197,0.089,0.9979,1.0093,1.0205,1.0521,0.0984,0.2007,0.264,0.2701,0.2454,0.258,0.2133,0.0905,1.0159,0.976,0.9836,0.9952,0.0921,0.2015,0.2507,0.2492,0.2604,0.2683,0.2146,0.0889,1.0016,0.9752,1.0238,0.9633,0.0923,0.2044,0.2579,0.2383,0.2612,0.2575,0.2163,0.0884,0.9687,1.0036,0.96,0.9696,0.0895,0.201,0.2558,0.2517,0.2445,0.2446,0.2148,0.0874,1.0028,0.9456,0.9699,0.9256,0.0881,0.2017,0.2404,0.2556,0.2487,0.254,0.2127,0.0855,0.9852,0.9779,0.9819,0.988,0.0869,0.1927,0.2277,0.2221,0.2314,0.2285,0.2085,0.0846,1.0649,1.0905,1.0624,1.0229,0.0849,0.2035,0.2184,0.2197,0.2176,0.2205,0.2077
919,0,25.6,0.0918,0.4414,0.4911,0.4437,0.41,0.1011,0.228,0.3855,0.3827,0.3865,0.3905,0.2333,0.091,0.3388,0.3882,0.3328,0.3368,0.0964,0.2293,0.3803,0.376,0.3701,0.3667,0.2333,0.0943,0.3263,0.2988,0.3547,0.2577,0.0979,0.2276,0.346,0.3437,0.3473,0.3454,0.2254,0.0947,0.2488,0.2693,0.2962,0.2612,0.0973,0.2287,0.3302,0.321,0.3229,0.3283,0.2287,0.0932,0.2343,0.209,0.2035,0.1936,0.0981,0.2288,0.3133,0.3068,0.3063,0.3091,0.2258,0.0923,0.1551,0.1579,0.1784,0.169,0.094,0.2282,0.2949,0.2839,0.2879,0.291,0.224,0.0938,0.1529,0.1482,0.1454,0.1504,0.0894,0.2286,0.2758,0.2725,0.2715,0.2729,0.2303,0.0971,0.1081,0.107,0.1175,0.1102,0.0894,0.2262,0.2515,0.2516,0.2463,0.252,0.2315
919,1,30,0.0923,0.468,0.5107,0.4921,0.4795,0.0975,0.2359,0.3763,0.3683,0.3787,0.3789,0.242,0.091,0.3673,0.4229,0.3572,0.3651,0.094,0.2378,0.3712,0.3676,0.3627,0.3552,0.2418,0.0933,0.3333,0.3381,0.3434,0.3378,0.0947,0.2369,0.3372,0.3358,0.3407,0.3394,0.2342,0.0943,0.288,0.2975,0.3176,0.2967,0.0955,0.2374,0.3346,0.3178,0.3156,0.3215,0.2371,0.0932,0.2624,0.2375,0.2244,0.2166,0.0966,0.2372,0.3103,0.3053,0.3029,0.3052,0.235,0.0918,0.1713,0.1674,0.1808,0.1792,0.093,0.237,0.2808,0.2817,0.2861,0.289,0.2337,0.0924,0.1836,0.1554,0.145,0.1521,0.0882,0.2377,0.2749,0.2709,0.2722,0.273,0.2393,0.094,0.1182,0.1125,0.1222,0.115,0.0887,0.2343,0.2456,0.2529,0.2478,0.2536,0.2411
919,2,30,0.092,0.5804,0.6271,0.5991,0.5817,0.0978,0.2349,0.3662,0.3562,0.3626,0.3686,0.2407,0.0908,0.4428,0.5112,0.4383,0.4464,0.0936,0.2364,0.3624,0.3558,0.3451,0.3513,0.2403,0.0928,0.415,0.4059,0.4296,0.3978,0.0939,0.2346,0.3297,0.3306,0.3321,0.332,0.2332,0.094,0.3466,0.3533,0.3887,0.3492,0.0952,0.2355,0.3836,0.3132,0.3151,0.3185,0.2356,0.0926,0.3006,0.266,0.2454,0.2464,0.0962,0.2356,0.3052,0.2981,0.296,0.2989,0.2339,0.0917,0.188,0.1797,0.2024,0.1962,0.093,0.2347,0.2791,0.2777,0.2849,0.2861,0.2323,0.0918,0.2065,0.1697,0.1568,0.1655,0.0882,0.2357,0.2703,0.2688,0.2677,0.2694,0.2379,0.0931,0.1226,0.1218,0.1336,0.1251,0.0887,0.2315,0.2427,0.2512,0.2451,0.2515,0.2395
919,3,30,0.092,0.6995,0.7428,0.7218,0.7003,0.0977,0.2331,0.3506,0.3537,0.3631,0.3605,0.2391,0.0907,0.5515,0.626,0.546,0.5569,0.0937,0.2346,0.3603,0.3548,0.3514,0.3432,0.2385,0.0926,0.5134,0.5097,0.5356,0.5062,0.0949,0.2331,0.3254,0.326,0.3258,0.331,0.2317,0.094,0.4438,0.4494,0.4937,0.4477,0.0954,0.2338,0.3206,0.3073,0.3137,0.3125,0.2343,0.0927,0.381,0.3396,0.3067,0.3129,0.0965,0.2339,0.3005,0.2932,0.297,0.2983,0.2322,0.0915,0.2194,0.213,0.245,0.2388,0.0929,0.2328,0.2749,0.2703,0.2822,0.2787,0.2307,0.0918,0.2427,0.2048,0.1852,0.1994,0.0881,0.2338,0.2678,0.2658,0.2681,0.2648,0.2361,0.0921,0.1406,0.1384,0.1505,0.1422,0.0885,0.2292,0.2419,0.2483,0.2423,0.2497,0.2376
919,4,30,0.0918,0.8201,0.8596,0.8435,0.8236,0.0974,0.2321,0.3397,0.3408,0.3461,0.3411,0.2379,0.0905,0.6757,0.752,0.6698,0.6879,0.0932,0.2327,0.3504,0.3613,0.3471,0.3553,0.237,0.0919,0.6319,0.6365,0.6589,0.638,0.0941,0.2314,0.3143,0.3273,0.324,0.3213,0.2304,0.0937,0.5632,0.5701,0.6206,0.569,0.0943,0.2321,0.3398,0.3114,0.305,0.3048,0.233,0.0925,0.4949,0.4439,0.4003,0.4123,0.0964,0.2326,0.2915,0.2919,0.2924,0.2952,0.2311,0.0914,0.279,0.2683,0.3169,0.3102,0.0926,0.2313,0.2746,0.2688,0.2769,0.2759,0.2295,0.0919,0.3157,0.2646,0.232,0.2531,0.0882,0.2323,0.2624,0.261,0.264,0.2627,0.235,0.0911,0.1689,0.1647,0.1848,0.1748,0.0883,0.2271,0.2388,0.2468,0.2416,0.2472,0.2361
919,5,30,0.0919,0.9274,0.9573,0.9438,0.9324,0.0966,0.2307,0.3419,0.3288,0.3219,0.3591,0.2365,0.0901,0.8079,0.8727,0.8052,0.8163,0.0932,0.2315,0.3403,0.3526,0.337,0.36,0.2355,0.092,0.7546,0.7743,0.7912,0.7807,0.0935,0.23,0.3096,0.3168,0.3217,0.3323,0.2295,0.0936,0.7004,0.708,0.7581,0.707,0.0938,0.2306,0.348,0.3052,0.302,0.3072,0.2316,0.0921,0.6264,0.576,0.5259,0.5419,0.0959,0.2319,0.2959,0.294,0.2868,0.2877,0.2296,0.0907,0.3741,0.3586,0.4198,0.415,0.0924,0.2293,0.2694,0.2687,0.2758,0.2755,0.2284,0.0915,0.4202,0.3512,0.3049,0.3359,0.088,0.2305,0.2611,0.2592,0.2612,0.2593,0.2336,0.0906,0.2152,0.2061,0.2389,0.2251,0.0884,0.2251,0.2361,0.2449,0.2385,0.2445,0.2346
919,6,30,0.0921,0.9886,1.0149,1.0036,0.9986,0.0969,0.2287,0.3475,0.3534,0.3405,0.33,0.2351,0.0905,0.9141,0.9636,0.916,0.9219,0.0931,0.23,0.3277,0.3203,0.3109,0.3697,0.2341,0.092,0.8686,0.8938,0.898,0.9045,0.0944,0.2283,0.3098,0.3021,0.3162,0.3121,0.2279,0.0933,0.834,0.8397,0.8821,0.8395,0.0941,0.2287,0.4037,0.3032,0.3144,0.2993,0.23,0.0918,0.7651,0.7198,0.6701,0.6879,0.0958,0.2293,0.2884,0.2869,0.2836,0.2811,0.228,0.0911,0.4993,0.4781,0.5481,0.5482,0.0917,0.2276,0.268,0.2695,0.2701,0.2762,0.2266,0.0911,0.5568,0.4684,0.4077,0.4514,0.0879,0.2286,0.2591,0.2537,0.2589,0.2619,0.232,0.0897,0.2865,0.2744,0.3194,0.302,0.088,0.2233,0.2321,0.2434,0.236,0.2442,0.2327
919,7,30,0.0923,1.0051,1.0267,1.0189,1.0184,0.0967,0.2277,0.4154,0.4112,0.3567,0.3122,0.2341,0.0906,0.9762,1.0082,0.9785,0.9863,0.093,0.2287,0.3367,0.3187,0.3404,0.3746,0.2328,0.0919,0.9462,0.9767,0.9642,0.984,0.0937,0.2269,0.3428,0.3025,0.316,0.3736,0.2265,0.0935,0.9324,0.9323,0.9692,0.9345,0.0933,0.2272,0.3439,0.2945,0.3031,0.3133,0.2288,0.0918,0.8848,0.8485,0.8078,0.8207,0.0959,0.2273,0.3032,0.3,0.2872,0.2925,0.227,0.091,0.642,0.6201,0.6911,0.6957,0.0917,0.2259,0.2724,0.2695,0.27,0.2676,0.2255,0.0912,0.7035,0.6104,0.5395,0.5853,0.0881,0.2275,0.2569,0.2529,0.2575,0.2573,0.2307,0.0898,0.3943,0.376,0.4342,0.4115,0.088,0.2217,0.2336,0.2397,0.2335,0.2411,0.2312
919,8,30,0.0923,1.0089,1.0298,1.0209,1.0215,0.0975,0.2262,0.278,0.4271,0.3361,0.3572,0.2331,0.0904,0.9957,1.0172,0.9978,1.0011,0.0936,0.2269,0.3265,0.3162,0.3874,0.3605,0.2316,0.0918,0.973,1.0084,0.9802,1.0113,0.0945,0.2254,0.2911,0.3469,0.3388,0.3487,0.2256,0.0931,0.9835,0.9734,1.014,0.986,0.0945,0.2257,0.3055,0.2851,0.3142,0.3169,0.2277,0.0913,0.9634,0.937,0.9091,0.9147,0.0964,0.2255,0.2976,0.2853,0.309,0.2816,0.2257,0.0907,0.7809,0.7599,0.8217,0.8327,0.0917,0.2245,0.2645,0.2645,0.262,0.266,0.2242,0.091,0.8433,0.7537,0.6864,0.7308,0.088,0.2259,0.2563,0.2537,0.2575,0.2551,0.2295,0.0891,0.5342,0.5158,0.5765,0.555,0.0882,0.22,0.23,0.2396,0.2308,0.2396,0.2298
919,9,30,0.0924,1.0131,1.0327,1.023,1.0235,0.0969,0.2249,0.2896,0.3753,0.328,0.3675,0.2314,0.0903,0.9999,1.0186,1.003,1.0051,0.0934,0.2256,0.3556,0.3602,0.3487,0.4185,0.2302,0.0916,0.9726,1.0157,0.9854,1.0199,0.0946,0.2241,0.3468,0.2861,0.3697,0.3032,0.2245,0.0932,0.9967,0.9804,1.0208,0.9986,0.0934,0.2241,0.3234,0.3022,0.3084,0.3497,0.2266,0.0914,1.0002,0.9791,0.9568,0.9647,0.0957,0.2245,0.3385,0.2959,0.2784,0.2896,0.2244,0.0906,0.8777,0.8645,0.9119,0.9256,0.0916,0.2228,0.2577,0.2674,0.2697,0.2608,0.2228,0.0909,0.9496,0.873,0.8173,0.8553,0.088,0.2246,0.2577,0.2464,0.2547,0.2506,0.2281,0.0889,0.6887,0.676,0.7324,0.71,0.0879,0.2183,0.2288,0.2373,0.2311,0.2383,0.228
919,10,30,0.0927,1.016,1.0352,1.025,1.026,0.0968,0.2236,0.2677,0.451,0.2812,0.3766,0.2302,0.0904,1.0012,1.0197,1.0072,1.0077,0.093,0.2241,0.3396,0.3795,0.3099,0.3556,0.2287,0.0916,0.9773,1.0198,0.9875,1.0244,0.0938,0.2226,0.3203,0.2954,0.3399,0.2711,0.2228,0.093,1.0013,0.9848,1.0245,1.0061,0.0927,0.2225,0.273,0.3091,0.283,0.2923,0.2251,0.0913,1.0058,0.9916,0.9681,0.9736,0.0954,0.2227,0.3112,0.3086,0.259,0.2798,0.2229,0.0906,0.9206,0.918,0.9591,0.9642,0.0913,0.2213,0.2481,0.2674,0.2734,0.2717,0.2215,0.0885,1.0172,0.9511,0.9051,0.936,0.088,0.2233,0.2536,0.2475,0.2528,0.2525,0.2264,0.0887,0.8442,0.836,0.8852,0.8584,0.0879,0.2166,0.2283,0.2355,0.2301,0.2362,0.2263
919,11,30,0.0928,1.0196,1.0369,1.0248,1.0249,0.0986,0.2221,0.2506,0.441,0.2586,0.2992,0.2294,0.0905,1.0022,1.021,1.0099,1.0084,0.0933,0.2226,0.3137,0.3416,0.37,0.3388,0.2274,0.0911,0.9805,1.0223,0.9892,1.0283,0.0948,0.2211,0.329,0.3608,0.3349,0.3042,0.2219,0.0931,1.0054,0.9879,1.0298,1.0127,0.0933,0.2213,0.328,0.306,0.3328,0.2792,0.224,0.0909,1.0103,0.9977,0.9718,0.9758,0.0956,0.2216,0.2732,0.2819,0.3156,0.2999,0.222,0.0907,0.9313,0.9342,0.9714,0.9723,0.0913,0.2197,0.256,0.2603,0.2704,0.2573,0.2204,0.086,1.0401,0.9807,0.9476,0.9699,0.088,0.2217,0.252,0.2459,0.2547,0.2542,0.2253,0.0888,0.9672,0.9658,1.0034,0.9731,0.0877,0.2151,0.2242,0.2337,0.2263,0.2371,0.2248
919,12,30,0.0926,1.0226,1.0393,1.0255,1.0273,0.0995,0.2211,0.2531,0.3989,0.281,0.2563,0.2279,0.0906,1.0032,1.0243,1.011,1.0094,0.0932,0.2212,0.3465,0.3502,0.274,0.372,0.2258,0.0914,0.9839,1.0259,0.9912,1.0326,0.0943,0.2197,0.2584,0.2909,0.3191,0.2589,0.2204,0.0931,1.0076,0.9891,1.0329,1.016,0.0922,0.2197,0.2844,0.261,0.2887,0.3268,0.2225,0.0902,1.0112,1.0005,0.9749,0.9785,0.0946,0.22,0.2754,0.2816,0.261,0.2796,0.2204,0.0904,0.9313,0.9368,0.9723,0.976,0.0909,0.2182,0.2502,0.2533,0.2558,0.2628,0.2191,0.085,1.0396,0.9838,0.9545,0.9745,0.088,0.2203,0.2564,0.2413,0.2501,0.2522,0.2241,0.0886,1.0416,1.0452,1.0798,1.05,0.0877,0.2135,0.2218,0.2312,0.2278,0.2359,0.2237
919,13,30,0.0925,1.0243,1.0418,1.027,1.0289,0.0996,0.2194,0.2609,0.4875,0.2565,0.2768,0.2266,0.0902,1.0051,1.0254,1.0115,1.0118,0.0926,0.2198,0.3208,0.2902,0.2822,0.3289,0.226,0.0911,0.988,1.0292,0.9914,1.0341,0.0939,0.218,0.2527,0.3601,0.3563,0.2517,0.2191,0.0927,1.0104,0.9911,1.0351,1.0216,0.0921,0.2182,0.258,0.3085,0.263,0.3007,0.2211,0.089,1.0129,1.0031,0.9756,0.9814,0.095,0.2185,0.2627,0.2532,0.3019,0.2895,0.2189,0.0905,0.9336,0.9394,0.973,0.9788,0.0907,0.2164,0.241,0.2546,0.2539,0.2644,0.2174,0.0846,1.0428,0.9914,0.9612,0.9801,0.0878,0.2185,0.2379,0.2353,0.2452,0.247,0.2223,0.0883,1.0676,1.0732,1.1042,1.0758,0.0872,0.2117,0.22,0.2314,0.2238,0.2351,0.2219
919,14,30,0.0927,1.026,1.0446,1.0278,1.0294,0.1012,0.2182,0.2479,0.4836,0.2592,0.293,0.2256,0.0902,1.0075,1.0281,1.0132,1.0142,0.0931,0.2186,0.3528,0.2827,0.2698,0.2731,0.2233,0.0913,0.9912,1.0318,0.9936,1.0363,0.0939,0.217,0.2954,0.3472,0.3241,0.2631,0.2184,0.0928,1.0129,0.994,1.0379,1.0268,0.0926,0.217,0.275,0.2681,0.2502,0.2589,0.2203,0.0881,1.0155,1.0061,0.9791,0.9849,0.0946,0.2174,0.2606,0.3137,0.2914,0.2732,0.2185,0.0903,0.9374,0.9409,0.9742,0.9814,0.0909,0.2154,0.2523,0.2438,0.2688,0.2512,0.217,0.0846,1.0476,0.9976,0.9672,0.9872,0.0878,0.2175,0.2349,0.2366,0.2478,0.2422,0.2212,0.088,1.075,1.0789,1.1058,1.0814,0.0872,0.2103,0.2204,0.2319,0.2225,0.2301,0.2208
919,15,30,0.0924,1.029,1.0462,1.0294,1.0322,0.1056,0.2171,0.2675,0.3423,0.2717,0.2583,0.2242,0.0896,1.0095,1.0312,1.0156,1.0163,0.0928,0.2172,0.4042,0.2668,0.2598,0.2818,0.2221,0.0911,0.9945,1.0346,0.9951,1.0392,0.0935,0.2155,0.2429,0.2479,0.3202,0.2558,0.2175,0.0924,1.0156,0.9964,1.0403,1.0318,0.0922,0.2156,0.2883,0.2703,0.3241,0.2635,0.2187,0.087,1.0183,1.009,0.9804,0.9884,0.0943,0.2161,0.2557,0.2813,0.2499,0.243,0.2169,0.09,0.9389,0.9421,0.9771,0.9844,0.0906,0.2138,0.2496,0.239,0.2517,0.2622,0.2155,0.0841,1.0519,1.0033,0.9716,0.9915,0.0875,0.2159,0.2344,0.2335,0.2392,0.2385,0.2195,0.0875,1.0811,1.0841,1.1085,1.0886,0.0868,0.2086,0.2179,0.2293,0.2174,0.23,0.2191
919,16,30,0.092,1.0302,1.0483,1.0307,1.0338,0.1107,0.2157,0.2443,0.3542,0.3027,0.2873,0.2226,0.089,1.0119,1.034,1.0169,1.0193,0.0926,0.216,0.2555,0.4419,0.2806,0.2886,0.2206,0.0907,0.997,1.0377,0.9972,1.0414,0.0938,0.2142,0.2396,0.264,0.2579,0.2425,0.2161,0.0916,1.017,0.9999,1.0423,1.0364,0.0919,0.2135,0.314,0.2412,0.3007,0.3156,0.2174,0.0859,1.02,1.0115,0.9828,0.9929,0.0943,0.2143,0.3194,0.2648,0.2753,0.3285,0.2154,0.0894,0.9428,0.9448,0.98,0.9872,0.09,0.2118,0.2456,0.2322,0.2495,0.2514,0.2139,0.0837,1.0563,1.0073,0.977,0.9957,0.0874,0.2139,0.2325,0.2303,0.2442,0.2361,0.2176,0.0868,1.0861,1.0881,1.1117,1.0924,0.0862,0.2067,0.2175,0.2266,0.2207,0.2295,0.2171
919,17,30,0.092,1.0332,1.0506,1.033,1.0363,0.1176,0.2144,0.3242,0.4702,0.3634,0.3654,0.2216,0.0891,1.0141,1.0367,1.0198,1.0217,0.0925,0.2146,0.2546,0.2732,0.2703,0.2716,0.2195,0.0907,0.9999,1.0411,0.9984,1.0449,0.0945,0.213,0.2356,0.2523,0.2716,0.2571,0.2151,0.0915,1.0194,1.0035,1.0458,1.0412,0.0926,0.2125,0.2423,0.2398,0.2552,0.2848,0.2165,0.0854,1.0218,1.0143,0.986,0.9974,0.0949,0.2132,0.2587,0.2668,0.235,0.2675,0.2145,0.0892,0.9451,0.9477,0.9835,0.9903,0.0904,0.2106,0.2324,0.2303,0.2502,0.242,0.213,0.0837,1.0606,1.0112,0.9806,1.0009,0.0873,0.2128,0.2356,0.227,0.2348,0.2334,0.2168,0.0864,1.0903,1.0928,1.1165,1.0979,0.0861,0.2051,0.2108,0.2244,0.2147,0.2265,0.2161
919,18,30,0.0916,1.0358,1.053,1.0346,1.0391,0.1301,0.2122,0.3134,0.7091,0.7529,0.3019,0.2204,0.0888,1.0171,1.0406,1.0214,1.0237,0.0922,0.2128,0.2489,0.2454,0.2542,0.42,0.2178,0.0902,1.0035,1.0439,1.0024,1.0479,0.0934,0.2113,0.2898,0.2668,0.2336,0.254,0.2133,0.091,1.0216,1.0057,1.0489,1.0453,0.092,0.2108,0.2513,0.2433,0.291,0.2721,0.2148,0.085,1.0249,1.017,0.9877,1.001,0.0938,0.2117,0.2386,0.2392,0.232,0.2602,0.2128,0.0887,0.9473,0.9512,0.9863,0.9929,0.0895,0.2088,0.2304,0.2322,0.2647,0.2364,0.211,0.0833,1.0649,1.0165,0.9848,1.0063,0.0867,0.2109,0.2272,0.2289,0.2329,0.2315,0.2147,0.0857,1.093,1.0969,1.1199,1.1018,0.0855,0.2029,0.2095,0.2223,0.2156,0.224,0.2139
919,19,30,0.0914,1.0378,1.0552,1.0363,1.04,0.1525,0.2105,0.3,0.6759,0.6556,0.2961,0.2195,0.0883,1.0185,1.0431,1.0235,1.0268,0.0923,0.211,0.2978,0.249,0.2565,0.2604,0.2159,0.0899,1.0062,1.0454,1.003,1.0507,0.0938,0.2101,0.2323,0.2411,0.233,0.235,0.212,0.0906,1.0233,1.0089,1.0506,1.0501,0.0919,0.2092,0.2396,0.2359,0.2282,0.2418,0.2132,0.0849,1.0275,1.0209,0.9897,1.0049,0.0939,0.2103,0.2448,0.2328,0.2357,0.2347,0.2112,0.0888,0.9494,0.953,0.9889,0.9954,0.0891,0.2073,0.233,0.257,0.2452,0.2387,0.2096,0.0831,1.0698,1.0204,0.9885,1.0104,0.0865,0.2093,0.2257,0.2251,0.2311,0.2323,0.213,0.0856,1.0965,1.0991,1.1225,1.1048,0.085,0.201,0.2067,0.2171,0.213,0.2219,0.212
919,20,30,0.0916,1.0406,1.0585,1.0394,1.0449,0.1977,0.2089,0.2836,0.6118,0.5671,0.4042,0.2185,0.0884,1.0201,1.0458,1.0259,1.0307,0.0916,0.2099,0.2335,0.241,0.2493,0.2834,0.2142,0.0896,1.009,1.0484,1.0059,1.0549,0.0936,0.2088,0.2233,0.2267,0.2381,0.3573,0.2109,0.0908,1.0258,1.0128,1.0537,1.054,0.0917,0.2078,0.2522,0.2543,0.2276,0.2484,0.2121,0.0846,1.0297,1.023,0.9929,1.0095,0.0938,0.209,0.2383,0.2678,0.2416,0.2658,0.21,0.0884,0.9523,0.9572,0.9925,0.9995,0.0886,0.2059,0.2268,0.2374,0.2435,0.2369,0.2085,0.0828,1.0745,1.0243,0.9931,1.0157,0.0863,0.2078,0.2197,0.2372,0.232,0.2223,0.2118,0.085,1.0979,1.1018,1.1263,1.1084,0.0848,0.1996,0.2049,0.2136,0.2115,0.2223,0.2105
920,0,25.5,0.1021,0.4289,0.492,0.4657,0.4937,0.1011,0.2378,0.3743,0.3806,0.3899,0.3849,0.2301,0.1005,0.3738,0.349,0.3911,0.3876,0.1049,0.2248,0.3768,0.3725,0.3711,0.3664,0.2241,0.0965,0.3297,0.3283,0.3683,0.313,0.0969,0.2242,0.3604,0.3474,0.3513,0.3529,0.2285,0.0976,0.2617,0.2562,0.2949,0.2997,0.099,0.2277,0.3499,0.3382,0.3427,0.3379,0.2262,0.0926,0.1865,0.2041,0.1864,0.2029,0.1318,0.2206,0.3286,0.3314,0.3272,0.3231,0.2308,0.0893,0.1647,0.1403,0.1559,0.1451,0.0969,0.2343,0.3088,0.3025,0.3118,0.2987,0.2309,0.0943,0.1359,0.1321,0.1307,0.1335,0.097,0.2248,0.2795,0.2714,0.2734,0.2701,0.227,0.094,0.1214,0.1166,0.1183,0.1187,0.0908,0.2327,0.2622,0.2586,0.2544,0.2656,0.2271
920,1,30,0.1014,0.4203,0.5009,0.4828,0.4999,0.0979,0.2442,0.366,0.3696,0.3556,0.3742,0.2388,0.099,0.3741,0.4014,0.4135,0.408,0.1,0.233,0.3715,0.3657,0.3644,0.3551,0.233,0.0952,0.3612,0.3632,0.3896,0.3496,0.0949,0.2348,0.3576,0.3436,0.3469,0.3479,0.2379,0.0968,0.3105,0.3039,0.3303,0.3209,0.0964,0.2369,0.3474,0.334,0.3366,0.332,0.2353,0.0939,0.2163,0.2186,0.1938,0.2568,0.1282,0.2286,0.3265,0.3265,0.3277,0.3201,0.24,0.0886,0.197,0.1582,0.1584,0.1432,0.0942,0.2451,0.3091,0.3013,0.3088,0.2998,0.2403,0.0933,0.1422,0.1286,0.1386,0.1387,0.0944,0.2345,0.2792,0.2744,0.2751,0.2701,0.2376,0.0927,0.1308,0.1209,0.1239,0.1256,0.0894,0.2418,0.2655,0.2605,0.2565,0.2663,0.2372
920,2,30,0.1013,0.5072,0.5986,0.5598,0.5888,0.0978,0.2424,0.3563,0.3605,0.349,0.368,0.2376,0.0987,0.4381,0.4528,0.4843,0.4791,0.0988,0.2318,0.364,0.3532,0.3619,0.35,0.232,0.0949,0.4029,0.4234,0.443,0.3962,0.0946,0.2334,0.3506,0.3417,0.3385,0.3424,0.2365,0.0963,0.3349,0.3279,0.3665,0.3721,0.0965,0.2358,0.3415,0.328,0.3338,0.3262,0.2338,0.0937,0.2157,0.2264,0.2057,0.2447,0.1281,0.227,0.3203,0.3225,0.317,0.3148,0.2384,0.0888,0.1953,0.1684,0.1673,0.1464,0.0942,0.2435,0.3025,0.2962,0.3062,0.298,0.2388,0.0919,0.1461,0.1342,0.1492,0.15,0.0939,0.2325,0.2751,0.2702,0.271,0.2691,0.2362,0.0923,0.1347,0.1296,0.1305,0.1338,0.089,0.2403,0.2624,0.2567,0.253,0.264,0.2357
920,3,30,0.1009,0.6144,0.7091,0.6662,0.701,0.0974,0.2404,0.3554,0.3534,0.3413,0.3607,0.2367,0.0981,0.5375,0.5608,0.5963,0.5867,0.0978,0.23,0.3548,0.348,0.3597,0.3401,0.2306,0.0945,0.5013,0.529,0.5438,0.4943,0.0941,0.2319,0.3389,0.3318,0.3365,0.3337,0.235,0.0959,0.4172,0.4118,0.4608,0.4697,0.0961,0.2342,0.3366,0.3261,0.3253,0.322,0.2331,0.0931,0.2529,0.265,0.2339,0.3013,0.1262,0.2255,0.3195,0.3213,0.3214,0.3135,0.2369,0.0888,0.2216,0.193,0.1919,0.1682,0.0933,0.2414,0.3017,0.2966,0.3002,0.2913,0.2377,0.092,0.1654,0.1479,0.1709,0.1723,0.0932,0.231,0.2738,0.2708,0.2697,0.2647,0.235,0.0919,0.1522,0.1466,0.1477,0.1511,0.0891,0.2387,0.2595,0.2555,0.2498,0.2609,0.2344
920,4,30,0.1002,0.7323,0.8244,0.7846,0.811,0.0977,0.2379,0.3564,0.3545,0.3486,0.3576,0.2351,0.0973,0.6554,0.6832,0.721,0.7075,0.0973,0.2281,0.3465,0.3465,0.3488,0.3434,0.229,0.0943,0.6168,0.6533,0.6673,0.6135,0.0934,0.2301,0.3475,0.3275,0.3276,0.3179,0.2337,0.0953,0.5292,0.5219,0.5796,0.5917,0.096,0.2329,0.3293,0.3216,0.3228,0.3177,0.2309,0.0927,0.3243,0.3434,0.2937,0.3947,0.1255,0.2234,0.3139,0.3159,0.3104,0.3037,0.2353,0.0884,0.2765,0.2378,0.2323,0.2032,0.0934,0.2402,0.2935,0.2939,0.3023,0.2855,0.2357,0.0913,0.1966,0.175,0.2048,0.2069,0.0922,0.2293,0.2716,0.2648,0.265,0.2614,0.2333,0.0915,0.1819,0.1763,0.1771,0.1845,0.0885,0.2366,0.2554,0.25,0.2481,0.259,0.2325
920,5,30,0.1002,0.8479,0.9296,0.8966,0.9108,0.0971,0.2364,0.3368,0.3518,0.3381,0.3424,0.2339,0.0972,0.7802,0.8128,0.8464,0.8321,0.0969,0.2269,0.3487,0.3282,0.325,0.3239,0.2277,0.0945,0.7445,0.785,0.7955,0.7505,0.0938,0.2288,0.3293,0.3304,0.313,0.3307,0.2326,0.0955,0.6628,0.6574,0.7118,0.7249,0.096,0.2311,0.3282,0.3131,0.3275,0.3107,0.2298,0.0927,0.4285,0.452,0.3879,0.5174,0.1252,0.2221,0.3126,0.3035,0.3062,0.3073,0.2341,0.0886,0.3657,0.3148,0.3052,0.2595,0.0929,0.2383,0.2912,0.2913,0.2943,0.2857,0.2343,0.0915,0.2488,0.2221,0.2621,0.2673,0.0924,0.2278,0.2704,0.2631,0.2656,0.2599,0.2321,0.0914,0.2314,0.2222,0.2266,0.2334,0.0886,0.2351,0.2527,0.2473,0.2448,0.2546,0.2308
920,6,30,0.0998,0.9379,1.0016,0.9834,0.9885,0.0963,0.2349,0.3721,0.3532,0.3565,0.3585,0.2331,0.0968,0.8883,0.9194,0.9485,0.9352,0.0965,0.2254,0.3404,0.3359,0.3247,0.3176,0.2268,0.0939,0.8608,0.901,0.91,0.8738,0.0939,0.2275,0.3111,0.3171,0.3078,0.3121,0.2314,0.0951,0.7992,0.7928,0.8456,0.8507,0.0957,0.2295,0.3201,0.308,0.3157,0.3265,0.2287,0.0924,0.5547,0.5817,0.5099,0.6619,0.1235,0.2207,0.3102,0.3039,0.3178,0.3076,0.2328,0.0883,0.4888,0.4278,0.406,0.3455,0.0922,0.2368,0.2889,0.2837,0.3035,0.2845,0.2334,0.0917,0.3276,0.2919,0.3537,0.3595,0.0916,0.2261,0.2653,0.2584,0.2614,0.2584,0.2308,0.0906,0.3081,0.2957,0.3021,0.3129,0.0887,0.2332,0.25,0.2454,0.2434,0.2554,0.2292
920,7,30,0.0996,0.9837,1.0229,1.015,1.0245,0.0969,0.2331,0.4021,0.3386,0.3668,0.3323,0.2311,0.0943,0.9571,0.9776,1.0069,1.0005,0.0965,0.2242,0.3411,0.3127,0.3478,0.318,0.2252,0.0941,0.9417,0.9773,0.99,0.96,0.0946,0.226,0.3016,0.3152,0.3368,0.3397,0.23,0.0948,0.9102,0.9055,0.9495,0.9507,0.096,0.2281,0.3143,0.3261,0.3468,0.3129,0.2274,0.0925,0.6992,0.7247,0.6505,0.8017,0.1244,0.219,0.2964,0.3055,0.2977,0.3011,0.2314,0.088,0.6315,0.571,0.5388,0.4656,0.0917,0.2348,0.29,0.2783,0.2919,0.2742,0.2319,0.0916,0.4369,0.3895,0.4755,0.482,0.0917,0.2246,0.2589,0.2563,0.2646,0.256,0.2297,0.0902,0.4161,0.4031,0.4094,0.429,0.0885,0.2318,0.2517,0.2432,0.2445,0.253,0.228
920,8,30,0.0956,0.9962,1.028,1.0189,1.0305,0.0955,0.2315,0.4857,0.37,0.3916,0.3475,0.2299,0.0938,0.9853,1.003,1.0293,1.0196,0.0957,0.2227,0.3133,0.2923,0.381,0.3558,0.224,0.0937,0.9726,0.9996,1.0242,0.9961,0.0938,0.2244,0.3,0.3196,0.3581,0.3547,0.2285,0.0945,0.9764,0.9684,1.0143,1.0098,0.0951,0.2264,0.3179,0.3177,0.3234,0.3136,0.2255,0.0925,0.8288,0.8457,0.7883,0.91,0.1247,0.2175,0.2944,0.2969,0.2999,0.2932,0.23,0.0882,0.7767,0.7267,0.6864,0.6113,0.0913,0.2333,0.2844,0.2774,0.2922,0.2749,0.2303,0.0915,0.5703,0.5172,0.6134,0.6253,0.0915,0.2231,0.2622,0.2573,0.2575,0.2553,0.228,0.0899,0.5517,0.5398,0.5452,0.5725,0.0884,0.2302,0.2445,0.245,0.2417,0.2511,0.2263
920,9,30,0.0944,1.0014,1.0327,1.0215,1.0334,0.0961,0.2304,0.4381,0.4681,0.3455,0.3578,0.2293,0.0923,0.9935,1.011,1.0362,1.0252,0.0957,0.2215,0.431,0.324,0.4417,0.3268,0.2231,0.0926,0.9817,1.0054,1.0324,1.0045,0.0943,0.2231,0.3206,0.3083,0.2856,0.4148,0.2281,0.0949,0.9979,0.9931,1.0373,1.0313,0.0955,0.2254,0.3286,0.3271,0.2909,0.3236,0.2247,0.0927,0.9225,0.9297,0.8832,0.9779,0.1243,0.2163,0.2817,0.285,0.2895,0.3223,0.2292,0.0886,0.8934,0.8565,0.8187,0.752,0.0914,0.232,0.2765,0.2782,0.2845,0.2809,0.2293,0.0911,0.7111,0.6736,0.755,0.7619,0.0915,0.2218,0.2573,0.2568,0.2589,0.2499,0.2272,0.0901,0.7041,0.691,0.7006,0.7234,0.0886,0.2288,0.2434,0.2411,0.2386,0.2481,0.2254
920,10,30,0.0938,1.0049,1.0359,1.025,1.0354,0.0958,0.2295,0.3149,0.4153,0.305,0.3259,0.2279,0.0908,0.9997,1.0146,1.0393,1.0307,0.0956,0.2203,0.4527,0.3884,0.3686,0.3367,0.2221,0.0918,0.9854,1.0097,1.0367,1.0077,0.094,0.2217,0.3222,0.3351,0.2973,0.2794,0.2266,0.0944,1.0049,1.0001,1.0421,1.0362,0.0964,0.224,0.3308,0.3283,0.2836,0.283,0.2236,0.0921,0.9565,0.9647,0.9232,1.0031,0.1245,0.2148,0.2825,0.3051,0.2948,0.2861,0.2275,0.0883,0.9728,0.9382,0.9031,0.8509,0.0913,0.2304,0.2834,0.2738,0.2821,0.2866,0.2282,0.0914,0.8366,0.8138,0.8715,0.8753,0.0912,0.2204,0.2536,0.2525,0.2544,0.2522,0.2259,0.0898,0.8533,0.8438,0.8492,0.8663,0.0883,0.2274,0.2421,0.2386,0.2395,0.2469,0.2238
920,11,30,0.0937,1.0068,1.0395,1.0259,1.0383,0.0952,0.2276,0.3068,0.5794,0.6419,0.3904,0.2264,0.0914,1.0036,1.0191,1.0427,1.0342,0.0949,0.2186,0.3657,0.475,0.3201,0.3253,0.2206,0.0913,0.9902,1.0146,1.0401,1.0101,0.0943,0.2199,0.3166,0.2951,0.3166,0.3693,0.2251,0.094,1.0076,1.0041,1.0462,1.0388,0.094,0.2223,0.3508,0.3327,0.2792,0.3195,0.222,0.0921,0.9662,0.9742,0.9331,1.0081,0.1242,0.2131,0.3236,0.2784,0.2809,0.282,0.2261,0.0881,0.999,0.9697,0.9372,0.8876,0.0908,0.2287,0.2779,0.2713,0.2762,0.2764,0.2265,0.0911,0.9239,0.9056,0.9497,0.9475,0.0911,0.2182,0.2535,0.249,0.2514,0.2521,0.2245,0.0896,0.9736,0.9662,0.9732,0.9776,0.0881,0.2258,0.24,0.2379,0.2365,0.2431,0.2225
920,12,30,0.094,1.0089,1.0426,1.0289,1.0419,0.0952,0.2262,0.4087,0.5471,0.2663,0.2987,0.2255,0.0908,1.0078,1.0249,1.0467,1.0379,0.0951,0.2173,0.2587,0.3091,0.3583,0.3436,0.2195,0.0914,0.9948,1.0194,1.0446,1.0127,0.0941,0.2187,0.3112,0.2968,0.3059,0.2721,0.224,0.0939,1.012,1.0083,1.0492,1.0414,0.0938,0.2211,0.345,0.2839,0.3924,0.3878,0.221,0.0919,0.9706,0.9786,0.9364,1.0097,0.1236,0.2116,0.2865,0.2616,0.2978,0.3184,0.2249,0.0881,1.0005,0.9751,0.9422,0.897,0.0909,0.2273,0.2842,0.2721,0.2824,0.288,0.2251,0.0911,0.9632,0.9517,0.9896,0.9848,0.0911,0.2168,0.252,0.2468,0.2512,0.2441,0.223,0.0894,1.0568,1.0489,1.054,1.0494,0.088,0.2244,0.2383,0.2395,0.2329,0.2428,0.2211
920,13,30,0.0948,1.0114,1.0471,1.0334,1.0461,0.0952,0.2249,0.3442,0.5033,0.254,0.2736,0.2245,0.091,1.0127,1.0306,1.0508,1.0416,0.095,0.2163,0.3338,0.266,0.3923,0.3088,0.2183,0.0915,0.9996,1.0247,1.0475,1.0164,0.0938,0.2179,0.2866,0.2977,0.3101,0.2835,0.2231,0.0938,1.015,1.0134,1.053,1.0437,0.0923,0.2204,0.2939,0.292,0.2782,0.3263,0.2196,0.0918,0.9749,0.9822,0.9383,1.0108,0.1231,0.2108,0.3121,0.2948,0.2701,0.2606,0.2236,0.0881,1.0034,0.9783,0.9452,0.8996,0.0908,0.2262,0.2855,0.2756,0.2706,0.2684,0.2242,0.0911,0.9679,0.9596,0.9937,0.9903,0.0912,0.2156,0.2506,0.2468,0.2453,0.2466,0.2223,0.0893,1.0969,1.096,1.0921,1.0838,0.088,0.2231,0.2362,0.237,0.2302,0.2403,0.2202
920,14,30,0.095,1.0132,1.0504,1.0357,1.0502,0.095,0.2235,0.3265,0.5174,0.2433,0.2965,0.2232,0.0918,1.0159,1.0351,1.0544,1.0459,0.0946,0.215,0.3074,0.2507,0.2595,0.3469,0.2173,0.0914,1.0032,1.0291,1.0513,1.0194,0.094,0.2161,0.3138,0.2676,0.3145,0.2761,0.2221,0.0938,1.0181,1.0173,1.0572,1.0456,0.0911,0.219,0.2742,0.3331,0.2531,0.282,0.2186,0.0916,0.9784,0.9872,0.9396,1.0128,0.1231,0.2089,0.2745,0.2622,0.2876,0.2706,0.2223,0.0882,1.0058,0.9822,0.9489,0.9036,0.0905,0.2248,0.2668,0.2546,0.2907,0.2647,0.2224,0.0909,0.9713,0.9645,0.9926,0.9914,0.0913,0.2141,0.2511,0.2446,0.2487,0.2416,0.2209,0.089,1.1024,1.1022,1.0986,1.0898,0.088,0.2216,0.232,0.2334,0.2311,0.2397,0.2182
920,15,30,0.0949,1.0156,1.0541,1.038,1.0536,0.0948,0.2219,0.4207,0.4733,0.2798,0.2861,0.2224,0.0913,1.02,1.0388,1.058,1.0487,0.0948,0.2136,0.2485,0.2676,0.2566,0.2523,0.216,0.0907,1.0067,1.0329,1.054,1.0222,0.0938,0.215,0.2671,0.2689,0.2503,0.4063,0.2207,0.093,1.0215,1.0213,1.0606,1.0472,0.0905,0.2175,0.2669,0.2666,0.2543,0.2664,0.2171,0.0914,0.9816,0.9913,0.9411,1.0138,0.122,0.2074,0.3037,0.257,0.2611,0.2727,0.221,0.0878,1.0071,0.9851,0.95,0.9058,0.0906,0.2235,0.2642,0.2589,0.2665,0.2589,0.2214,0.0908,0.9754,0.9687,0.9964,0.9956,0.0897,0.2128,0.2491,0.2475,0.2442,0.2419,0.2195,0.0876,1.1078,1.1039,1.1036,1.0921,0.0876,0.2202,0.2359,0.2358,0.2297,0.2402,0.217
920,16,30,0.0953,1.0171,1.0578,1.0423,1.0576,0.0948,0.2205,0.5755,0.5016,0.2731,0.299,0.2213,0.0919,1.0236,1.0436,1.0622,1.0525,0.0944,0.2125,0.2744,0.3344,0.2602,0.3418,0.2151,0.0907,1.0109,1.0371,1.0575,1.0251,0.0939,0.2134,0.2821,0.284,0.26,0.2566,0.2193,0.0936,1.0243,1.0247,1.0642,1.0499,0.0899,0.2164,0.3193,0.2955,0.2516,0.2706,0.216,0.091,0.9861,0.9951,0.941,1.0175,0.1224,0.2062,0.2749,0.2844,0.2576,0.2693,0.2198,0.0881,1.0085,0.9875,0.9545,0.9088,0.0901,0.2217,0.2602,0.2537,0.2629,0.2605,0.2203,0.0904,0.9809,0.9728,0.9997,0.9986,0.0891,0.2114,0.2469,0.2432,0.2409,0.2363,0.2186,0.0866,1.1144,1.1082,1.1092,1.0987,0.0876,0.2187,0.2317,0.2259,0.2273,0.2366,0.216
920,17,30,0.0953,1.0189,1.0627,1.0469,1.062,0.0945,0.2191,0.5126,0.4854,0.4865,0.333,0.2197,0.0919,1.0269,1.0472,1.066,1.0562,0.0944,0.2111,0.2772,0.2749,0.26,0.2583,0.2138,0.0908,1.0143,1.0412,1.0602,1.0287,0.0937,0.212,0.2638,0.2994,0.3733,0.2499,0.2184,0.0932,1.0277,1.0293,1.0686,1.0523,0.0897,0.2151,0.3704,0.3221,0.258,0.303,0.2143,0.0904,0.989,0.9989,0.9439,1.0202,0.1225,0.2046,0.2761,0.2492,0.253,0.2486,0.2184,0.0881,1.0132,0.9903,0.9558,0.9117,0.09,0.2202,0.2599,0.2527,0.2643,0.2536,0.2187,0.0903,0.9831,0.9769,1.0033,1.0024,0.0883,0.2101,0.2403,0.246,0.2366,0.2364,0.2173,0.0856,1.1186,1.1119,1.1137,1.1038,0.0875,0.2173,0.2295,0.2275,0.2258,0.2419,0.2143
920,18,30,0.0959,1.0219,1.065,1.05,1.0664,0.0945,0.2182,0.4961,0.5941,0.2712,0.5981,0.2191,0.0924,1.0305,1.0521,1.0702,1.0604,0.0944,0.2105,0.2872,0.4441,0.257,0.2481,0.213,0.0907,1.0181,1.0456,1.064,1.0307,0.0937,0.2107,0.329,0.2579,0.2458,0.239,0.2167,0.0929,1.0309,1.0335,1.0721,1.0539,0.0894,0.2141,0.4224,0.2939,0.2704,0.3163,0.2131,0.0899,0.9926,1.0034,0.9453,1.0227,0.1221,0.2036,0.2695,0.2445,0.2538,0.2648,0.2175,0.0879,1.0133,0.9923,0.9576,0.913,0.0899,0.219,0.2564,0.2512,0.2573,0.2591,0.2175,0.0899,0.9878,0.9808,1.0068,1.0061,0.0871,0.2088,0.2371,0.2444,0.2395,0.2326,0.2162,0.0851,1.1236,1.1164,1.118,1.1089,0.0872,0.2158,0.2314,0.2284,0.2233,0.2344,0.2126
920,19,30,0.0958,1.0242,1.0694,1.0541,1.0717,0.0937,0.2168,0.4609,0.5706,0.2333,0.3858,0.2183,0.0917,1.0344,1.0564,1.0739,1.0637,0.0945,0.2088,0.247,0.2441,0.2823,0.2959,0.212,0.0909,1.0204,1.0502,1.0676,1.0336,0.0929,0.2095,0.267,0.2941,0.2596,0.2639,0.2159,0.092,1.0342,1.0375,1.0763,1.0575,0.0896,0.2128,0.2593,0.2971,0.2517,0.2478,0.2116,0.0899,0.995,1.0068,0.9481,1.0254,0.1217,0.2022,0.2702,0.2429,0.2477,0.2562,0.2161,0.0876,1.0153,0.9945,0.9592,0.9151,0.089,0.2176,0.2556,0.2465,0.2568,0.2483,0.2162,0.0897,0.9892,0.9843,1.0112,1.0106,0.0864,0.2075,0.2366,0.2414,0.2342,0.2313,0.2152,0.0844,1.1267,1.1206,1.121,1.1136,0.0868,0.2142,0.2271,0.2278,0.2215,0.2343,0.2113
920,20,30,0.0962,1.0265,1.0738,1.0594,1.077,0.0934,0.2156,0.329,0.5152,0.2335,0.4131,0.217,0.0918,1.0378,1.0592,1.0783,1.0687,0.0947,0.208,0.2491,0.2676,0.2701,0.2387,0.2113,0.0909,1.0242,1.0541,1.0714,1.0364,0.0924,0.2079,0.2797,0.2692,0.3341,0.2609,0.2142,0.0916,1.0376,1.042,1.0813,1.0592,0.0891,0.2111,0.2456,0.2538,0.2435,0.2419,0.2106,0.0897,0.9984,1.0104,0.9499,1.0286,0.1213,0.2006,0.2505,0.2757,0.2471,0.2488,0.2147,0.0874,1.0187,0.9969,0.9619,0.9172,0.0876,0.2156,0.2534,0.2418,0.2586,0.2484,0.2147,0.0897,0.9916,0.9864,1.0144,1.0146,0.086,0.2059,0.2317,0.2346,0.2318,0.2291,0.2138,0.084,1.1312,1.1247,1.1253,1.1185,0.0865,0.2125,0.2293,0.2239,0.2209,0.2307,0.2094